ordenante_cedula,monto,local_nombre,latitud,longitud,fecha_hora,hora,dia_semana,local_nombre_encoded,transaccion_ocurrio
2250834721,417.92,,-12.046323,-77.042773,2024-10-03T02:59:52,2,3,0,1
2250834721,313.8,Cafeteria Repe y Bolon,-4.002811727686732,-79.20354391414457,2024-10-19T19:00:06,19,5,6,1
2250834721,102.1,,-12.046341,-77.042766,2024-10-19T19:00:28,19,5,0,1
2250834721,356.37,Las Papas del hueco,-3.994720724747304,-79.20230587616402,2024-10-19T19:00:16,19,5,10,1
2250834721,209.01,KFC Supermaxi,-4.012120370108474,-79.2022100945605,2024-10-19T19:00:24,19,5,4,1
2250834721,408.92,Micromercado Raquelita,-3.999408161403931,-79.20183399684345,2024-10-19T18:59:57,18,5,9,1
2250834721,476.34,La Nona Restraurant,-4.001607861464169,-79.20895549799802,2024-10-19T19:00:08,19,5,8,1
2250834721,326.22,,-12.046387,-77.042792,2024-10-19T18:59:36,18,5,0,1
2250834721,223.34,Bogati Heladeria,-3.99592601240796,-79.20417171265396,2024-10-19T18:59:34,18,5,1,1
2250834721,406.08,,-12.046372,-77.042805,2024-10-19T19:00:03,19,5,0,1
2250834721,267.23,,-12.0464,-77.042874,2024-10-19T19:00:06,19,5,0,1
2250834721,54.57,,-12.046426,-77.0427,2024-10-19T18:59:35,18,5,0,1
2250834721,362.28,Las Papas del hueco,-3.994720724747304,-79.20230587616402,2024-10-19T19:00:15,19,5,10,1
2250834721,422.27,,-12.046468,-77.042757,2024-10-30T17:59:53,17,2,0,1
2250834721,54.23,La Nona Restraurant,-4.001607861464169,-79.20895549799802,2024-10-07T19:59:35,19,0,8,1
2250834721,221.59,,-12.046445,-77.04284,2024-10-30T09:00:04,9,2,0,1
2250834721,210.33,Manantial restaurant,-4.00066496410431,-79.20176356815338,2024-10-06T13:00:20,13,6,5,1
2250834721,145.84,,-12.046318,-77.042749,2024-10-23T18:59:40,18,2,0,1
2250834721,388.57,Cafeteria Repe y Bolon,-4.002811727686732,-79.20354391414457,2024-10-11T13:00:20,13,4,6,1
2250834721,109.91,La Nona Restraurant,-4.001607861464169,-79.20895549799802,2024-10-20T14:00:04,14,6,8,1
2250834721,268.0,Micromercado Raquelita,-3.999408161403931,-79.20183399684345,2024-10-09T05:00:14,5,2,9,1
2250834721,90.73,Chifa Oriental,-4.000613926408782,-79.20494130865566,2024-10-03T03:00:09,3,3,7,1
2250834721,296.46,,-12.04634,-77.042717,2024-10-19T19:00:25,19,5,0,1
2250834721,440.71,,-12.046489,-77.04284,2024-10-07T09:59:46,9,0,0,1
2250834721,469.33,La Nona Restraurant,-4.001607861464169,-79.20895549799802,2024-10-19T19:00:10,19,5,8,1
2250834721,121.44,Magic Retro,-4.007180852021908,-79.20319391983115,2024-10-19T19:00:04,19,5,2,1
2250834721,381.89,,-12.046337,-77.042823,2024-10-03T02:59:44,2,3,0,1
2250834721,274.83,Chifa Oriental,-4.000613926408782,-79.20494130865566,2024-10-03T03:00:15,3,3,7,1
2250834721,235.49,,-12.046352,-77.042823,2024-10-03T03:00:26,3,3,0,1
2250834721,439.18,,-12.046455,-77.042878,2024-10-03T02:59:38,2,3,0,1
2250834721,130.88,,-12.046376,-77.042741,2024-10-03T03:00:08,3,3,0,1
2250834721,50.16,Manantial restaurant,-4.00066496410431,-79.20176356815338,2024-10-03T02:59:31,2,3,5,1
2250834721,188.25,,-12.046332,-77.04275,2024-10-03T02:59:34,2,3,0,1
2250834721,483.09,Micromercado Raquelita,-3.999408161403931,-79.20183399684345,2024-10-03T02:59:48,2,3,9,1
2250834721,271.94,La Nona Restraurant,-4.001607861464169,-79.20895549799802,2024-10-03T02:59:59,2,3,8,1
2250834721,368.62,Bogati Heladeria,-3.99592601240796,-79.20417171265396,2024-10-03T02:59:57,2,3,1,1
2250834721,377.74,KFC Supermaxi,-4.012120370108474,-79.2022100945605,2024-10-03T02:59:39,2,3,4,1
2250834721,445.44,La Nona Restraurant,-4.001607861464169,-79.20895549799802,2024-10-03T02:59:30,2,3,8,1
2250834721,397.14,,-12.046339,-77.042711,2024-10-03T03:00:05,3,3,0,1
2250834721,147.8,Cafeteria Repe y Bolon,-4.002811727686732,-79.20354391414457,2024-10-03T03:00:04,3,3,6,1
2250834721,334.57,,-12.046445,-77.042777,2024-10-03T03:00:05,3,3,0,1
2250834721,84.14,,-12.046401,-77.042892,2024-10-03T02:59:35,2,3,0,1
2250834721,81.12,,-12.046423,-77.042866,2024-10-03T03:00:09,3,3,0,1
2250834721,391.72,Bogati Heladeria,-3.99592601240796,-79.20417171265396,2024-10-19T18:59:46,18,5,1,1
2250834721,437.38,,-12.0464,-77.042753,2024-10-19T19:00:01,19,5,0,1
2250834721,62.13,,-12.046427,-77.042785,2024-10-19T19:00:08,19,5,0,1
2250834721,226.55,,-12.046327,-77.042753,2024-10-19T19:00:03,19,5,0,1
2250834721,359.7,KFC Supermaxi,-4.012120370108474,-79.2022100945605,2024-10-19T19:00:02,19,5,4,1
2250834721,178.29,Micromercado Raquelita,-3.999408161403931,-79.20183399684345,2024-10-23T17:00:26,17,2,9,1
2250834721,340.1,Cafeteria Repe y Bolon,-4.002811727686732,-79.20354391414457,2024-10-03T03:00:00,3,3,6,1
2588409219,315.32,,-12.046417,-77.042849,2024-10-25T16:59:37,16,4,0,1
2588409219,53.78,,-12.046469,-77.04279,2024-10-11T08:00:20,8,4,0,1
2588409219,337.73,,-12.046453,-77.042778,2024-10-11T07:59:33,7,4,0,1
2588409219,346.93,Las Papas del hueco,-3.994720724747304,-79.20230587616402,2024-10-11T08:00:19,8,4,10,1
2588409219,308.06,Bogati Heladeria,-3.99592601240796,-79.20417171265396,2024-10-11T08:00:05,8,4,1,1
2588409219,92.88,,-12.046312,-77.042787,2024-10-11T08:00:29,8,4,0,1
2588409219,199.77,Micromercado Raquelita,-3.999408161403931,-79.20183399684345,2024-10-11T08:00:25,8,4,9,1
2588409219,305.37,Panaderia Sabor Lojano,-4.001655630787613,-79.20555263072819,2024-10-11T08:00:05,8,4,3,1
2588409219,457.82,Panaderia Sabor Lojano,-4.001655630787613,-79.20555263072819,2024-10-11T07:59:35,7,4,3,1
2588409219,149.35,,-12.046435,-77.042737,2024-10-11T07:59:32,7,4,0,1
2588409219,184.7,Micromercado Raquelita,-3.999408161403931,-79.20183399684345,2024-10-11T07:59:48,7,4,9,1
2588409219,304.06,,-12.046406,-77.042899,2024-10-11T08:00:28,8,4,0,1
2588409219,267.67,,-12.046338,-77.042752,2024-10-11T07:59:51,7,4,0,1
2588409219,132.16,,-12.046344,-77.042881,2024-10-11T07:59:48,7,4,0,1
2588409219,224.5,,-12.046382,-77.042809,2024-10-01T19:59:55,19,1,0,1
2588409219,70.86,,-12.046399,-77.04287,2024-10-02T00:59:47,0,2,0,1
2588409219,386.4,,-12.046421,-77.042718,2024-10-11T01:00:25,1,4,0,1
2588409219,355.62,,-12.046335,-77.042899,2024-10-29T04:00:22,4,1,0,1
2588409219,445.88,Chifa Oriental,-4.000613926408782,-79.20494130865566,2024-10-24T11:59:41,11,3,7,1
2588409219,76.15,Cafeteria Repe y Bolon,-4.002811727686732,-79.20354391414457,2024-10-20T18:59:37,18,6,6,1
2588409219,237.0,Chifa Oriental,-4.000613926408782,-79.20494130865566,2024-10-02T00:59:54,0,2,7,1
2588409219,173.3,KFC Supermaxi,-4.012120370108474,-79.2022100945605,2024-10-24T13:00:25,13,3,4,1
2588409219,461.97,Magic Retro,-4.007180852021908,-79.20319391983115,2024-10-22T17:59:50,17,1,2,1
2588409219,319.4,,-12.046447,-77.042808,2024-10-11T08:00:20,8,4,0,1
2588409219,199.43,Micromercado Raquelita,-3.999408161403931,-79.20183399684345,2024-10-11T08:00:28,8,4,9,1
2588409219,427.96,,-12.046374,-77.042876,2024-10-11T08:00:10,8,4,0,1
2588409219,185.37,,-12.04634,-77.042762,2024-10-11T08:00:09,8,4,0,1
2588409219,155.03,Panaderia Sabor Lojano,-4.001655630787613,-79.20555263072819,2024-10-11T08:00:05,8,4,3,1
2588409219,176.1,Las Papas del hueco,-3.994720724747304,-79.20230587616402,2024-10-16T13:00:13,13,2,10,1
2588409219,394.73,,-12.046349,-77.042838,2024-10-16T13:00:12,13,2,0,1
2588409219,318.84,,-12.046464,-77.042827,2024-10-16T12:59:51,12,2,0,1
2588409219,372.33,Cafeteria Repe y Bolon,-4.002811727686732,-79.20354391414457,2024-10-16T12:59:30,12,2,6,1
2588409219,356.58,Panaderia Sabor Lojano,-4.001655630787613,-79.20555263072819,2024-10-16T12:59:40,12,2,3,1
2588409219,311.35,,-12.046441,-77.042746,2024-10-16T13:00:05,13,2,0,1
2588409219,334.7,,-12.046311,-77.042714,2024-10-16T12:59:48,12,2,0,1
2588409219,365.25,Bogati Heladeria,-3.99592601240796,-79.20417171265396,2024-10-16T12:59:46,12,2,1,1
2588409219,133.86,,-12.046405,-77.04289,2024-10-16T13:00:00,13,2,0,1
2588409219,270.89,Magic Retro,-4.007180852021908,-79.20319391983115,2024-10-16T13:00:22,13,2,2,1
2588409219,166.2,Panaderia Sabor Lojano,-4.001655630787613,-79.20555263072819,2024-10-16T13:00:01,13,2,3,1
2588409219,105.84,,-12.046395,-77.042867,2024-10-16T13:00:08,13,2,0,1
2588409219,162.49,,-12.046444,-77.04281,2024-10-16T13:00:01,13,2,0,1
2588409219,472.95,,-12.046364,-77.04285,2024-10-16T13:00:24,13,2,0,1
2588409219,485.53,,-12.046485,-77.042766,2024-10-16T13:00:17,13,2,0,1
2588409219,256.76,,-12.046415,-77.042767,2024-10-16T12:59:33,12,2,0,1
2588409219,435.54,Cafeteria Repe y Bolon,-4.002811727686732,-79.20354391414457,2024-10-16T13:00:10,13,2,6,1
2588409219,146.48,,-12.046378,-77.04285,2024-10-16T13:00:14,13,2,0,1
2588409219,458.54,,-12.046357,-77.04278,2024-10-16T12:59:56,12,2,0,1
2588409219,431.61,,-12.046473,-77.042876,2024-10-11T08:00:27,8,4,0,1
2588409219,498.0,,-12.046466,-77.042734,2024-10-11T08:00:29,8,4,0,1
2588409219,269.77,Manantial restaurant,-4.00066496410431,-79.20176356815338,2024-10-16T13:00:27,13,2,5,1
2649136232,327.98,Manantial restaurant,-4.00066496410431,-79.20176356815338,2024-10-08T11:00:08,11,1,5,1
2649136232,270.23,Panaderia Sabor Lojano,-4.001655630787613,-79.20555263072819,2024-10-08T10:59:52,10,1,3,1
2649136232,384.01,Magic Retro,-4.007180852021908,-79.20319391983115,2024-10-08T11:00:10,11,1,2,1
2649136232,184.89,,-12.046348,-77.042863,2024-10-08T11:00:12,11,1,0,1
2649136232,435.42,Manantial restaurant,-4.00066496410431,-79.20176356815338,2024-10-08T11:00:09,11,1,5,1
2649136232,467.68,Cafeteria Repe y Bolon,-4.002811727686732,-79.20354391414457,2024-10-08T11:00:16,11,1,6,1
2649136232,299.36,,-12.046447,-77.04281,2024-10-08T10:59:34,10,1,0,1
2649136232,230.05,,-12.046434,-77.042842,2024-10-08T10:59:42,10,1,0,1
2649136232,247.42,Manantial restaurant,-4.00066496410431,-79.20176356815338,2024-10-08T10:59:31,10,1,5,1
2649136232,153.96,Cafeteria Repe y Bolon,-4.002811727686732,-79.20354391414457,2024-10-23T13:59:46,13,2,6,1
2649136232,219.68,,-12.046322,-77.042705,2024-10-02T23:59:59,23,2,0,1
2649136232,283.55,Bogati Heladeria,-3.99592601240796,-79.20417171265396,2024-10-08T11:00:30,11,1,1,1
2649136232,349.26,Cafeteria Repe y Bolon,-4.002811727686732,-79.20354391414457,2024-10-08T11:00:26,11,1,6,1
2649136232,240.83,Micromercado Raquelita,-3.999408161403931,-79.20183399684345,2024-10-08T11:00:17,11,1,9,1
2649136232,212.11,Manantial restaurant,-4.00066496410431,-79.20176356815338,2024-10-25T01:00:03,1,4,5,1
2649136232,189.54,,-12.0465,-77.04278,2024-10-09T03:00:22,3,2,0,1
2649136232,100.35,Panaderia Sabor Lojano,-4.001655630787613,-79.20555263072819,2024-10-02T00:59:39,0,2,3,1
2649136232,96.78,,-12.046307,-77.042885,2024-10-16T01:59:57,1,2,0,1
2649136232,431.33,,-12.046471,-77.042799,2024-10-18T21:00:08,21,4,0,1
2649136232,431.28,Micromercado Raquelita,-3.999408161403931,-79.20183399684345,2024-10-08T11:00:10,11,1,9,1
2649136232,472.39,,-12.046371,-77.04276,2024-10-31T10:00:18,10,3,0,1
2649136232,62.06,Manantial restaurant,-4.00066496410431,-79.20176356815338,2024-10-08T10:59:46,10,1,5,1
2649136232,435.22,,-12.046399,-77.042801,2024-10-08T10:59:59,10,1,0,1
2649136232,265.45,Manantial restaurant,-4.00066496410431,-79.20176356815338,2024-10-04T14:59:32,14,4,5,1
2649136232,361.97,Bogati Heladeria,-3.99592601240796,-79.20417171265396,2024-10-08T10:59:34,10,1,1,1
2649136232,105.29,Manantial restaurant,-4.00066496410431,-79.20176356815338,2024-10-04T14:59:39,14,4,5,1
2649136232,328.58,,-12.046472,-77.042804,2024-10-04T14:59:35,14,4,0,1
2649136232,379.89,Manantial restaurant,-4.00066496410431,-79.20176356815338,2024-10-04T14:59:40,14,4,5,1
2649136232,490.92,Manantial restaurant,-4.00066496410431,-79.20176356815338,2024-10-04T15:00:00,15,4,5,1
2649136232,455.73,,-12.046489,-77.042858,2024-10-04T14:59:38,14,4,0,1
2649136232,220.53,Manantial restaurant,-4.00066496410431,-79.20176356815338,2024-10-04T14:59:33,14,4,5,1
2649136232,256.61,Magic Retro,-4.007180852021908,-79.20319391983115,2024-10-04T14:59:59,14,4,2,1
2649136232,79.25,Panaderia Sabor Lojano,-4.001655630787613,-79.20555263072819,2024-10-04T14:59:59,14,4,3,1
2649136232,239.12,KFC Supermaxi,-4.012120370108474,-79.2022100945605,2024-10-04T14:59:32,14,4,4,1
2649136232,463.75,Las Papas del hueco,-3.994720724747304,-79.20230587616402,2024-10-04T14:59:40,14,4,10,1
2649136232,445.15,,-12.046347,-77.04275,2024-10-04T15:00:08,15,4,0,1
2649136232,392.37,,-12.046425,-77.042731,2024-10-04T14:59:37,14,4,0,1
2649136232,355.88,,-12.046362,-77.042809,2024-10-04T15:00:25,15,4,0,1
2649136232,55.18,,-12.046467,-77.042826,2024-10-04T14:59:43,14,4,0,1
2649136232,336.44,La Nona Restraurant,-4.001607861464169,-79.20895549799802,2024-10-04T14:59:33,14,4,8,1
2649136232,232.02,Panaderia Sabor Lojano,-4.001655630787613,-79.20555263072819,2024-10-04T15:00:29,15,4,3,1
2649136232,446.11,Magic Retro,-4.007180852021908,-79.20319391983115,2024-10-04T14:59:46,14,4,2,1
2649136232,303.47,Bogati Heladeria,-3.99592601240796,-79.20417171265396,2024-10-04T15:00:15,15,4,1,1
2649136232,303.94,,-12.046307,-77.042832,2024-10-08T11:00:13,11,1,0,1
2649136232,404.42,,-12.04634,-77.042846,2024-10-08T10:59:51,10,1,0,1
2649136232,303.85,,-12.04631,-77.042788,2024-10-08T10:59:47,10,1,0,1
2649136232,329.35,Panaderia Sabor Lojano,-4.001655630787613,-79.20555263072819,2024-10-08T10:59:38,10,1,3,1
2649136232,450.19,KFC Supermaxi,-4.012120370108474,-79.2022100945605,2024-10-04T15:00:06,15,4,4,1
2649136232,314.66,KFC Supermaxi,-4.012120370108474,-79.2022100945605,2024-10-07T11:59:57,11,0,4,1
2649136232,213.07,Micromercado Raquelita,-3.999408161403931,-79.20183399684345,2024-10-19T04:59:51,4,5,9,1
2822188791,313.62,,-12.046327,-77.042833,2024-10-20T20:59:36,20,6,0,1
2822188791,426.81,,-12.046405,-77.042762,2024-10-20T20:59:46,20,6,0,1
2822188791,257.76,Las Papas del hueco,-3.994720724747304,-79.20230587616402,2024-10-25T13:59:50,13,4,10,1
2822188791,461.88,Micromercado Raquelita,-3.999408161403931,-79.20183399684345,2024-10-25T14:00:06,14,4,9,1
2822188791,419.42,,-12.046366,-77.042702,2024-10-25T13:59:54,13,4,0,1
2822188791,216.2,Chifa Oriental,-4.000613926408782,-79.20494130865566,2024-10-25T14:00:04,14,4,7,1
2822188791,219.74,Chifa Oriental,-4.000613926408782,-79.20494130865566,2024-10-25T14:00:29,14,4,7,1
2822188791,52.19,,-12.046374,-77.042723,2024-10-25T14:00:24,14,4,0,1
2822188791,302.82,Chifa Oriental,-4.000613926408782,-79.20494130865566,2024-10-25T14:00:22,14,4,7,1
2822188791,156.66,Manantial restaurant,-4.00066496410431,-79.20176356815338,2024-10-25T14:00:16,14,4,5,1
2822188791,338.67,Micromercado Raquelita,-3.999408161403931,-79.20183399684345,2024-10-25T14:00:02,14,4,9,1
2822188791,139.5,Chifa Oriental,-4.000613926408782,-79.20494130865566,2024-10-01T22:59:56,22,1,7,1
2822188791,149.55,Chifa Oriental,-4.000613926408782,-79.20494130865566,2024-10-25T14:00:10,14,4,7,1
2822188791,88.29,Manantial restaurant,-4.00066496410431,-79.20176356815338,2024-10-25T13:59:56,13,4,5,1
2822188791,94.97,Bogati Heladeria,-3.99592601240796,-79.20417171265396,2024-10-25T13:59:51,13,4,1,1
2822188791,405.66,Micromercado Raquelita,-3.999408161403931,-79.20183399684345,2024-10-25T14:00:13,14,4,9,1
2822188791,306.18,,-12.046309,-77.042848,2024-10-25T14:00:03,14,4,0,1
2822188791,322.38,,-12.04647,-77.042725,2024-10-25T14:00:00,14,4,0,1
2822188791,311.05,Panaderia Sabor Lojano,-4.001655630787613,-79.20555263072819,2024-10-25T13:59:39,13,4,3,1
2822188791,378.75,,-12.046311,-77.042851,2024-10-25T14:00:08,14,4,0,1
2822188791,148.41,,-12.046321,-77.042735,2024-10-25T14:00:28,14,4,0,1
2822188791,195.92,,-12.046392,-77.042844,2024-10-25T14:00:25,14,4,0,1
2822188791,387.16,Micromercado Raquelita,-3.999408161403931,-79.20183399684345,2024-10-01T11:00:21,11,1,9,1
2822188791,482.03,,-12.046372999999999,-77.042815,2024-10-20T21:00:22,21,6,0,1
2822188791,206.04,,-12.046393,-77.042774,2024-10-25T13:59:51,13,4,0,1
2822188791,387.41,,-12.046447,-77.042712,2024-10-20T20:59:34,20,6,0,1
2822188791,222.42,,-12.046414,-77.042887,2024-10-20T21:00:17,21,6,0,1
2822188791,122.49,Micromercado Raquelita,-3.999408161403931,-79.20183399684345,2024-10-20T21:00:27,21,6,9,1
2822188791,103.55,Cafeteria Repe y Bolon,-4.002811727686732,-79.20354391414457,2024-10-26T22:59:45,22,5,6,1
2822188791,385.71,,-12.046358,-77.042767,2024-10-19T05:00:25,5,5,0,1
2822188791,228.72,,-12.046458,-77.042766,2024-10-04T17:59:51,17,4,0,1
2822188791,130.52,Chifa Oriental,-4.000613926408782,-79.20494130865566,2024-10-29T00:59:30,0,1,7,1
2822188791,386.12,,-12.046457,-77.04275,2024-10-18T19:59:44,19,4,0,1
2822188791,113.69,Cafeteria Repe y Bolon,-4.002811727686732,-79.20354391414457,2024-10-20T16:59:39,16,6,6,1
2822188791,373.9,Panaderia Sabor Lojano,-4.001655630787613,-79.20555263072819,2024-10-13T20:00:17,20,6,3,1
2822188791,56.74,,-12.046479,-77.042877,2024-10-20T20:59:48,20,6,0,1
2822188791,397.11,,-12.046449,-77.042723,2024-10-20T20:59:56,20,6,0,1
2822188791,400.53,,-12.046418,-77.042814,2024-10-20T21:00:03,21,6,0,1
2822188791,399.08,Bogati Heladeria,-3.99592601240796,-79.20417171265396,2024-10-29T08:59:44,8,1,1,1
2822188791,329.47,,-12.046421,-77.042892,2024-10-20T21:00:01,21,6,0,1
2822188791,483.35,,-12.046311,-77.042809,2024-10-20T21:00:14,21,6,0,1
2822188791,350.63,KFC Supermaxi,-4.012120370108474,-79.2022100945605,2024-10-20T21:00:06,21,6,4,1
2822188791,470.51,,-12.046437,-77.0429,2024-10-20T20:59:32,20,6,0,1
2822188791,294.9,,-12.046478,-77.042744,2024-10-20T20:59:32,20,6,0,1
2822188791,478.05,,-12.046403,-77.042866,2024-10-20T20:59:46,20,6,0,1
2822188791,393.29,,-12.046494,-77.042768,2024-10-20T21:00:03,21,6,0,1
2822188791,439.55,Micromercado Raquelita,-3.999408161403931,-79.20183399684345,2024-10-20T20:59:30,20,6,9,1
2822188791,426.79,Bogati Heladeria,-3.99592601240796,-79.20417171265396,2024-10-20T21:00:13,21,6,1,1
2822188791,461.75,KFC Supermaxi,-4.012120370108474,-79.2022100945605,2024-10-20T20:59:52,20,6,4,1
2822188791,67.59,Chifa Oriental,-4.000613926408782,-79.20494130865566,2024-10-20T20:59:59,20,6,7,1
2845440832,108.65,Magic Retro,-4.007180852021908,-79.20319391983115,2024-10-14T11:59:38,11,0,2,1
2845440832,414.7,Micromercado Raquelita,-3.999408161403931,-79.20183399684345,2024-10-14T11:59:48,11,0,9,1
2845440832,420.01,Panaderia Sabor Lojano,-4.001655630787613,-79.20555263072819,2024-10-14T12:00:20,12,0,3,1
2845440832,387.5,Chifa Oriental,-4.000613926408782,-79.20494130865566,2024-10-03T01:00:04,1,3,7,1
2845440832,397.56,KFC Supermaxi,-4.012120370108474,-79.2022100945605,2024-10-14T11:59:45,11,0,4,1
2845440832,427.1,,-12.046313,-77.042701,2024-10-14T12:00:05,12,0,0,1
2845440832,100.35,,-12.046397,-77.042716,2024-10-14T11:59:41,11,0,0,1
2845440832,325.5,,-12.046328,-77.042873,2024-10-03T01:00:27,1,3,0,1
2845440832,186.83,,-12.046417,-77.042788,2024-10-14T11:59:52,11,0,0,1
2845440832,333.52,,-12.046465,-77.042703,2024-10-14T11:59:43,11,0,0,1
2845440832,380.19,Chifa Oriental,-4.000613926408782,-79.20494130865566,2024-10-14T11:59:51,11,0,7,1
2845440832,139.73,Bogati Heladeria,-3.99592601240796,-79.20417171265396,2024-10-14T11:59:56,11,0,1,1
2845440832,187.43,KFC Supermaxi,-4.012120370108474,-79.2022100945605,2024-10-14T12:00:02,12,0,4,1
2845440832,248.35,,-12.046459,-77.04287,2024-10-14T11:59:57,11,0,0,1
2845440832,68.17,,-12.046403,-77.042795,2024-10-14T12:00:11,12,0,0,1
2845440832,246.39,Cafeteria Repe y Bolon,-4.002811727686732,-79.20354391414457,2024-10-14T12:00:08,12,0,6,1
2845440832,210.92,,-12.046427,-77.042802,2024-10-14T11:59:33,11,0,0,1
2845440832,78.9,Micromercado Raquelita,-3.999408161403931,-79.20183399684345,2024-10-14T11:59:35,11,0,9,1
2845440832,297.22,Las Papas del hueco,-3.994720724747304,-79.20230587616402,2024-10-14T11:59:53,11,0,10,1
2845440832,103.58,Las Papas del hueco,-3.994720724747304,-79.20230587616402,2024-10-14T12:00:12,12,0,10,1
2845440832,385.73,La Nona Restraurant,-4.001607861464169,-79.20895549799802,2024-10-03T00:59:39,0,3,8,1
2845440832,469.85,Las Papas del hueco,-3.994720724747304,-79.20230587616402,2024-10-14T12:00:25,12,0,10,1
2845440832,254.37,Manantial restaurant,-4.00066496410431,-79.20176356815338,2024-10-14T12:00:28,12,0,5,1
2845440832,401.51,Magic Retro,-4.007180852021908,-79.20319391983115,2024-10-03T01:00:10,1,3,2,1
2845440832,474.24,,-12.046332,-77.042869,2024-10-03T00:59:41,0,3,0,1
2845440832,106.28,,-12.046432,-77.042796,2024-10-03T00:59:39,0,3,0,1
2845440832,185.9,Cafeteria Repe y Bolon,-4.002811727686732,-79.20354391414457,2024-10-28T14:59:33,14,0,6,1
2845440832,455.01,,-12.046378,-77.042792,2024-10-16T11:59:39,11,2,0,1
2845440832,375.9,,-12.046454,-77.042855,2024-10-31T18:00:01,18,3,0,1
2845440832,153.93,,-12.04642,-77.042793,2024-10-04T06:00:06,6,4,0,1
2845440832,105.51,Micromercado Raquelita,-3.999408161403931,-79.20183399684345,2024-10-28T02:00:21,2,0,9,1
2845440832,342.3,,-12.046418,-77.042729,2024-10-26T07:59:37,7,5,0,1
2845440832,488.44,KFC Supermaxi,-4.012120370108474,-79.2022100945605,2024-10-21T09:59:44,9,0,4,1
2845440832,482.54,Cafeteria Repe y Bolon,-4.002811727686732,-79.20354391414457,2024-10-30T00:00:00,0,2,6,1
2845440832,108.89,Bogati Heladeria,-3.99592601240796,-79.20417171265396,2024-10-06T14:59:42,14,6,1,1
2845440832,438.8,,-12.046309,-77.042744,2024-10-03T01:00:16,1,3,0,1
2845440832,445.32,Las Papas del hueco,-3.994720724747304,-79.20230587616402,2024-10-03T00:59:33,0,3,10,1
2845440832,58.46,Chifa Oriental,-4.000613926408782,-79.20494130865566,2024-10-03T01:00:19,1,3,7,1
2845440832,66.38,Magic Retro,-4.007180852021908,-79.20319391983115,2024-10-03T00:59:48,0,3,2,1
2845440832,457.78,Panaderia Sabor Lojano,-4.001655630787613,-79.20555263072819,2024-10-03T01:00:24,1,3,3,1
2845440832,383.24,,-12.046461,-77.042749,2024-10-03T01:00:01,1,3,0,1
2845440832,490.61,Cafeteria Repe y Bolon,-4.002811727686732,-79.20354391414457,2024-10-03T01:00:09,1,3,6,1
2845440832,485.67,Bogati Heladeria,-3.99592601240796,-79.20417171265396,2024-10-03T01:00:11,1,3,1,1
2845440832,496.95,,-12.04635,-77.04285,2024-10-03T01:00:05,1,3,0,1
2845440832,450.51,KFC Supermaxi,-4.012120370108474,-79.2022100945605,2024-10-03T00:59:42,0,3,4,1
2845440832,445.62,,-12.046333,-77.042756,2024-10-03T01:00:07,1,3,0,1
2845440832,456.21,,-12.046315,-77.04281,2024-10-03T01:00:28,1,3,0,1
2845440832,478.21,Micromercado Raquelita,-3.999408161403931,-79.20183399684345,2024-10-03T01:00:10,1,3,9,1
2845440832,462.02,,-12.046444,-77.04278,2024-10-03T01:00:09,1,3,0,1
2845440832,401.9,,-12.046476,-77.04276,2024-10-05T08:59:39,8,5,0,1
3597400581,489.03,,-12.046357,-77.042883,2024-10-06T02:59:32,2,6,0,1
3597400581,258.9,La Nona Restraurant,-4.001607861464169,-79.20895549799802,2024-10-23T18:00:12,18,2,8,1
3597400581,140.42,Micromercado Raquelita,-3.999408161403931,-79.20183399684345,2024-10-23T18:00:17,18,2,9,1
3597400581,316.67,Micromercado Raquelita,-3.999408161403931,-79.20183399684345,2024-10-23T17:59:37,17,2,9,1
3597400581,294.6,KFC Supermaxi,-4.012120370108474,-79.2022100945605,2024-10-21T02:00:22,2,0,4,1
3597400581,421.98,,-12.046417,-77.042896,2024-10-21T02:00:01,2,0,0,1
3597400581,233.52,Panaderia Sabor Lojano,-4.001655630787613,-79.20555263072819,2024-10-21T02:00:07,2,0,3,1
3597400581,98.43,Cafeteria Repe y Bolon,-4.002811727686732,-79.20354391414457,2024-10-21T02:00:07,2,0,6,1
3597400581,294.7,,-12.046434,-77.042801,2024-10-21T02:00:29,2,0,0,1
3597400581,158.36,,-12.046349,-77.04279,2024-10-21T02:00:02,2,0,0,1
3597400581,375.89,Panaderia Sabor Lojano,-4.001655630787613,-79.20555263072819,2024-10-21T01:59:53,1,0,3,1
3597400581,177.51,,-12.046433,-77.042773,2024-10-23T17:59:41,17,2,0,1
3597400581,253.37,,-12.046397,-77.042714,2024-10-21T02:00:09,2,0,0,1
3597400581,185.41,,-12.046333,-77.04272,2024-10-21T02:00:12,2,0,0,1
3597400581,282.98,Cafeteria Repe y Bolon,-4.002811727686732,-79.20354391414457,2024-10-21T02:00:03,2,0,6,1
3597400581,81.23,Chifa Oriental,-4.000613926408782,-79.20494130865566,2024-10-21T01:59:34,1,0,7,1
3597400581,282.73,,-12.046435,-77.042809,2024-10-21T02:00:27,2,0,0,1
3597400581,150.05,Bogati Heladeria,-3.99592601240796,-79.20417171265396,2024-10-21T02:00:13,2,0,1,1
3597400581,182.89,,-12.0464,-77.042869,2024-10-21T01:59:46,1,0,0,1
3597400581,168.46,,-12.046348,-77.04288,2024-10-21T02:00:16,2,0,0,1
3597400581,468.1,,-12.04649,-77.042714,2024-10-21T02:00:27,2,0,0,1
3597400581,326.16,Micromercado Raquelita,-3.999408161403931,-79.20183399684345,2024-10-21T02:00:12,2,0,9,1
3597400581,325.29,Cafeteria Repe y Bolon,-4.002811727686732,-79.20354391414457,2024-10-21T02:00:14,2,0,6,1
3597400581,143.53,Manantial restaurant,-4.00066496410431,-79.20176356815338,2024-10-23T18:00:10,18,2,5,1
3597400581,230.57,,-12.04644,-77.042898,2024-10-03T15:59:44,15,3,0,1
3597400581,248.16,,-12.046378,-77.042769,2024-10-23T18:00:11,18,2,0,1
3597400581,320.56,Bogati Heladeria,-3.99592601240796,-79.20417171265396,2024-10-10T07:00:11,7,3,1,1
3597400581,480.59,Magic Retro,-4.007180852021908,-79.20319391983115,2024-10-24T18:59:56,18,3,2,1
3597400581,154.72,Panaderia Sabor Lojano,-4.001655630787613,-79.20555263072819,2024-10-05T07:59:54,7,5,3,1
3597400581,308.11,,-12.04638,-77.042835,2024-10-03T22:59:44,22,3,0,1
3597400581,497.14,,-12.046403,-77.042718,2024-10-19T11:00:19,11,5,0,1
3597400581,336.7,Panaderia Sabor Lojano,-4.001655630787613,-79.20555263072819,2024-10-23T22:00:10,22,2,3,1
3597400581,498.66,Bogati Heladeria,-3.99592601240796,-79.20417171265396,2024-10-09T11:59:44,11,2,1,1
3597400581,373.69,,-12.046301,-77.042817,2024-10-23T18:00:28,18,2,0,1
3597400581,207.95,KFC Supermaxi,-4.012120370108474,-79.2022100945605,2024-10-23T18:00:25,18,2,4,1
3597400581,251.72,Manantial restaurant,-4.00066496410431,-79.20176356815338,2024-10-23T17:59:43,17,2,5,1
3597400581,391.97,Bogati Heladeria,-3.99592601240796,-79.20417171265396,2024-10-23T18:00:20,18,2,1,1
3597400581,214.96,Cafeteria Repe y Bolon,-4.002811727686732,-79.20354391414457,2024-10-23T17:59:37,17,2,6,1
3597400581,432.46,,-12.046363,-77.042802,2024-10-23T18:00:17,18,2,0,1
3597400581,322.31,,-12.046416,-77.04286,2024-10-23T17:59:34,17,2,0,1
3597400581,426.21,Chifa Oriental,-4.000613926408782,-79.20494130865566,2024-10-23T17:59:44,17,2,7,1
3597400581,326.66,Manantial restaurant,-4.00066496410431,-79.20176356815338,2024-10-23T17:59:53,17,2,5,1
3597400581,379.72,,-12.046414,-77.042797,2024-10-23T18:00:05,18,2,0,1
3597400581,97.35,Chifa Oriental,-4.000613926408782,-79.20494130865566,2024-10-23T18:00:29,18,2,7,1
3597400581,62.31,,-12.046473,-77.042888,2024-10-23T17:59:34,17,2,0,1
3597400581,146.97,,-12.046357,-77.042772,2024-10-23T17:59:36,17,2,0,1
3597400581,155.0,KFC Supermaxi,-4.012120370108474,-79.2022100945605,2024-10-23T18:00:30,18,2,4,1
3597400581,407.94,,-12.046448,-77.042777,2024-10-21T02:00:17,2,0,0,1
3597400581,315.95,,-12.046397,-77.042856,2024-10-21T01:59:53,1,0,0,1
3597400581,395.49,,-12.046464,-77.042727,2024-10-16T00:59:56,0,2,0,1
4161118632,468.24,Manantial restaurant,-4.00066496410431,-79.20176356815338,2024-10-24T17:59:57,17,3,5,1
4161118632,366.29,Bogati Heladeria,-3.99592601240796,-79.20417171265396,2024-10-24T15:59:37,15,3,1,1
4161118632,122.43,,-12.046443,-77.042719,2024-10-24T15:59:32,15,3,0,1
4161118632,439.95,Bogati Heladeria,-3.99592601240796,-79.20417171265396,2024-10-24T16:00:11,16,3,1,1
4161118632,160.05,Cafeteria Repe y Bolon,-4.002811727686732,-79.20354391414457,2024-10-24T15:59:50,15,3,6,1
4161118632,206.96,,-12.046323,-77.042887,2024-10-24T18:00:18,18,3,0,1
4161118632,177.06,,-12.046362,-77.042755,2024-10-24T18:00:29,18,3,0,1
4161118632,318.19,,-12.04631,-77.042776,2024-10-24T18:00:21,18,3,0,1
4161118632,426.58,Micromercado Raquelita,-3.999408161403931,-79.20183399684345,2024-10-24T18:00:25,18,3,9,1
4161118632,119.76,,-12.046376,-77.042879,2024-10-24T18:00:14,18,3,0,1
4161118632,158.49,Bogati Heladeria,-3.99592601240796,-79.20417171265396,2024-10-24T16:00:09,16,3,1,1
4161118632,376.76,Magic Retro,-4.007180852021908,-79.20319391983115,2024-10-24T17:59:46,17,3,2,1
4161118632,257.43,,-12.046457,-77.042727,2024-10-24T18:00:03,18,3,0,1
4161118632,262.56,Panaderia Sabor Lojano,-4.001655630787613,-79.20555263072819,2024-10-24T17:59:46,17,3,3,1
4161118632,291.71,Panaderia Sabor Lojano,-4.001655630787613,-79.20555263072819,2024-10-24T17:59:40,17,3,3,1
4161118632,364.96,,-12.046329,-77.042723,2024-10-24T17:59:41,17,3,0,1
4161118632,264.73,Las Papas del hueco,-3.994720724747304,-79.20230587616402,2024-10-24T18:00:03,18,3,10,1
4161118632,53.11,Magic Retro,-4.007180852021908,-79.20319391983115,2024-10-24T18:00:29,18,3,2,1
4161118632,331.39,,-12.04649,-77.042798,2024-10-24T17:59:41,17,3,0,1
4161118632,76.36,,-12.046309,-77.042716,2024-10-24T17:59:50,17,3,0,1
4161118632,382.67,Las Papas del hueco,-3.994720724747304,-79.20230587616402,2024-10-24T17:59:41,17,3,10,1
4161118632,343.51,,-12.046492,-77.042825,2024-10-24T17:59:55,17,3,0,1
4161118632,483.33,Magic Retro,-4.007180852021908,-79.20319391983115,2024-10-24T15:59:58,15,3,2,1
4161118632,126.24,La Nona Restraurant,-4.001607861464169,-79.20895549799802,2024-10-24T16:00:12,16,3,8,1
4161118632,134.9,Bogati Heladeria,-3.99592601240796,-79.20417171265396,2024-10-24T16:00:22,16,3,1,1
4161118632,478.56,KFC Supermaxi,-4.012120370108474,-79.2022100945605,2024-10-16T10:00:15,10,2,4,1
4161118632,94.52,,-12.046411,-77.042756,2024-10-01T21:00:03,21,1,0,1
4161118632,346.4,Panaderia Sabor Lojano,-4.001655630787613,-79.20555263072819,2024-10-21T13:00:03,13,0,3,1
4161118632,340.86,Manantial restaurant,-4.00066496410431,-79.20176356815338,2024-10-10T09:00:20,9,3,5,1
4161118632,197.17,Bogati Heladeria,-3.99592601240796,-79.20417171265396,2024-10-03T14:00:15,14,3,1,1
4161118632,223.31,,-12.046388,-77.042845,2024-10-09T18:00:25,18,2,0,1
4161118632,166.55,,-12.046417,-77.042858,2024-10-01T09:00:24,9,1,0,1
4161118632,113.72,,-12.046358,-77.042862,2024-10-12T14:59:46,14,5,0,1
4161118632,498.72,La Nona Restraurant,-4.001607861464169,-79.20895549799802,2024-10-07T12:59:49,12,0,8,1
4161118632,397.98,Micromercado Raquelita,-3.999408161403931,-79.20183399684345,2024-10-24T16:00:29,16,3,9,1
4161118632,171.73,Chifa Oriental,-4.000613926408782,-79.20494130865566,2024-10-24T16:00:21,16,3,7,1
4161118632,287.99,Micromercado Raquelita,-3.999408161403931,-79.20183399684345,2024-10-24T15:59:31,15,3,9,1
4161118632,362.47,,-12.046349,-77.042792,2024-10-24T15:59:46,15,3,0,1
4161118632,114.8,Cafeteria Repe y Bolon,-4.002811727686732,-79.20354391414457,2024-10-24T15:59:46,15,3,6,1
4161118632,355.31,Manantial restaurant,-4.00066496410431,-79.20176356815338,2024-10-24T16:00:02,16,3,5,1
4161118632,466.6,,-12.046316,-77.04282,2024-10-24T16:00:11,16,3,0,1
4161118632,209.21,KFC Supermaxi,-4.012120370108474,-79.2022100945605,2024-10-24T15:59:33,15,3,4,1
4161118632,315.84,,-12.046378,-77.04278,2024-10-24T15:59:31,15,3,0,1
4161118632,76.48,Magic Retro,-4.007180852021908,-79.20319391983115,2024-10-24T16:00:01,16,3,2,1
4161118632,453.42,Bogati Heladeria,-3.99592601240796,-79.20417171265396,2024-10-24T15:59:46,15,3,1,1
4161118632,210.21,Chifa Oriental,-4.000613926408782,-79.20494130865566,2024-10-24T15:59:57,15,3,7,1
4161118632,86.32,Manantial restaurant,-4.00066496410431,-79.20176356815338,2024-10-24T18:00:29,18,3,5,1
4161118632,179.63,,-12.046338,-77.042752,2024-10-24T18:00:30,18,3,0,1
4161118632,219.01,,-12.046444,-77.042857,2024-10-03T22:00:16,22,3,0,1
4161118632,345.76,,-12.046385,-77.042813,2024-10-24T17:59:53,17,3,0,1
4557997274,494.68,La Nona Restraurant,-4.001607861464169,-79.20895549799802,2024-10-17T11:00:26,11,3,8,1
4557997274,269.22,Chifa Oriental,-4.000613926408782,-79.20494130865566,2024-10-17T11:00:14,11,3,7,1
4557997274,164.59,,-12.046446,-77.042821,2024-10-17T11:00:02,11,3,0,1
4557997274,236.36,,-12.04646,-77.042815,2024-10-17T10:59:31,10,3,0,1
4557997274,337.35,La Nona Restraurant,-4.001607861464169,-79.20895549799802,2024-10-17T11:00:15,11,3,8,1
4557997274,70.47,,-12.04635,-77.042741,2024-10-17T10:59:54,10,3,0,1
4557997274,350.88,La Nona Restraurant,-4.001607861464169,-79.20895549799802,2024-10-17T11:00:02,11,3,8,1
4557997274,480.54,Manantial restaurant,-4.00066496410431,-79.20176356815338,2024-10-17T10:59:55,10,3,5,1
4557997274,310.13,,-12.046339,-77.042748,2024-10-17T11:00:03,11,3,0,1
4557997274,393.65,,-12.046349,-77.042756,2024-10-17T11:00:25,11,3,0,1
4557997274,319.53,,-12.046461,-77.042717,2024-10-17T06:59:56,6,3,0,1
4557997274,330.11,,-12.046361,-77.042816,2024-10-17T10:59:37,10,3,0,1
4557997274,242.43,Manantial restaurant,-4.00066496410431,-79.20176356815338,2024-10-17T11:00:10,11,3,5,1
4557997274,372.71,Manantial restaurant,-4.00066496410431,-79.20176356815338,2024-10-17T11:00:10,11,3,5,1
4557997274,430.81,Panaderia Sabor Lojano,-4.001655630787613,-79.20555263072819,2024-10-17T11:00:03,11,3,3,1
4557997274,196.12,,-12.04637,-77.042896,2024-10-17T11:00:23,11,3,0,1
4557997274,190.94,Manantial restaurant,-4.00066496410431,-79.20176356815338,2024-10-17T11:00:03,11,3,5,1
4557997274,106.83,,-12.046447,-77.042819,2024-10-17T11:00:24,11,3,0,1
4557997274,257.84,Magic Retro,-4.007180852021908,-79.20319391983115,2024-10-17T10:59:31,10,3,2,1
4557997274,111.19,Chifa Oriental,-4.000613926408782,-79.20494130865566,2024-10-17T11:00:09,11,3,7,1
4557997274,75.23,,-12.046304,-77.042721,2024-10-15T01:00:07,1,1,0,1
4557997274,132.79,,-12.046434,-77.042738,2024-10-21T09:00:17,9,0,0,1
4557997274,375.8,Las Papas del hueco,-3.994720724747304,-79.20230587616402,2024-10-17T11:00:09,11,3,10,1
4557997274,331.93,Bogati Heladeria,-3.99592601240796,-79.20417171265396,2024-10-08T10:00:22,10,1,1,1
4557997274,310.57,La Nona Restraurant,-4.001607861464169,-79.20895549799802,2024-10-17T06:59:57,6,3,8,1
4557997274,53.46,La Nona Restraurant,-4.001607861464169,-79.20895549799802,2024-10-17T07:00:30,7,3,8,1
4557997274,136.06,,-12.0464,-77.042766,2024-10-07T04:00:10,4,0,0,1
4557997274,68.81,Las Papas del hueco,-3.994720724747304,-79.20230587616402,2024-10-31T01:59:45,1,3,10,1
4557997274,231.81,,-12.04635,-77.042888,2024-10-13T00:59:50,0,6,0,1
4557997274,137.32,Cafeteria Repe y Bolon,-4.002811727686732,-79.20354391414457,2024-10-13T14:59:54,14,6,6,1
4557997274,325.48,,-12.046433,-77.042804,2024-10-20T19:00:16,19,6,0,1
4557997274,169.46,,-12.046319,-77.042794,2024-10-13T06:00:08,6,6,0,1
4557997274,194.07,Las Papas del hueco,-3.994720724747304,-79.20230587616402,2024-10-17T07:00:28,7,3,10,1
4557997274,419.13,Panaderia Sabor Lojano,-4.001655630787613,-79.20555263072819,2024-10-17T06:59:42,6,3,3,1
4557997274,420.15,,-12.04645,-77.042756,2024-10-17T07:00:19,7,3,0,1
4557997274,398.71,Manantial restaurant,-4.00066496410431,-79.20176356815338,2024-10-17T07:00:02,7,3,5,1
4557997274,456.86,La Nona Restraurant,-4.001607861464169,-79.20895549799802,2024-10-17T07:00:10,7,3,8,1
4557997274,432.09,,-12.046348,-77.042853,2024-10-17T07:00:07,7,3,0,1
4557997274,369.38,,-12.046328,-77.042883,2024-10-17T07:00:14,7,3,0,1
4557997274,103.15,,-12.046318,-77.042827,2024-10-17T06:59:56,6,3,0,1
4557997274,482.33,,-12.046383,-77.042747,2024-10-17T07:00:25,7,3,0,1
4557997274,65.64,,-12.04632,-77.042702,2024-10-17T07:00:01,7,3,0,1
4557997274,203.9,,-12.046387,-77.042882,2024-10-17T07:00:15,7,3,0,1
4557997274,245.07,,-12.046473,-77.042891,2024-10-17T07:00:11,7,3,0,1
4557997274,346.82,Panaderia Sabor Lojano,-4.001655630787613,-79.20555263072819,2024-10-17T07:00:05,7,3,3,1
4557997274,455.3,Magic Retro,-4.007180852021908,-79.20319391983115,2024-10-17T06:59:31,6,3,2,1
4557997274,341.57,,-12.046442,-77.042797,2024-10-17T07:00:15,7,3,0,1
4557997274,428.74,Cafeteria Repe y Bolon,-4.002811727686732,-79.20354391414457,2024-10-17T07:00:08,7,3,6,1
4557997274,95.66,,-12.046419,-77.04284,2024-10-17T06:59:41,6,3,0,1
4557997274,171.76,,-12.046445,-77.042892,2024-10-12T21:00:02,21,5,0,1
5316700982,275.31,Magic Retro,-4.007180852021908,-79.20319391983115,2024-10-21T03:00:28,3,0,2,1
5316700982,257.38,,-12.046398,-77.042845,2024-10-10T12:59:31,12,3,0,1
5316700982,231.64,,-12.046476,-77.042827,2024-10-02T15:59:35,15,2,0,1
5316700982,275.2,,-12.046436,-77.042724,2024-10-06T22:59:39,22,6,0,1
5316700982,128.69,Bogati Heladeria,-3.99592601240796,-79.20417171265396,2024-10-06T22:59:45,22,6,1,1
5316700982,75.29,Cafeteria Repe y Bolon,-4.002811727686732,-79.20354391414457,2024-11-01T01:00:29,1,4,6,1
5316700982,458.81,Cafeteria Repe y Bolon,-4.002811727686732,-79.20354391414457,2024-11-01T00:59:45,0,4,6,1
5316700982,400.86,Bogati Heladeria,-3.99592601240796,-79.20417171265396,2024-11-01T01:00:15,1,4,1,1
5316700982,271.01,Cafeteria Repe y Bolon,-4.002811727686732,-79.20354391414457,2024-11-01T00:59:54,0,4,6,1
5316700982,362.96,Cafeteria Repe y Bolon,-4.002811727686732,-79.20354391414457,2024-11-01T00:59:41,0,4,6,1
5316700982,216.63,,-12.046446,-77.042838,2024-11-01T01:00:29,1,4,0,1
5316700982,448.93,Las Papas del hueco,-3.994720724747304,-79.20230587616402,2024-11-01T00:59:56,0,4,10,1
5316700982,287.95,Las Papas del hueco,-3.994720724747304,-79.20230587616402,2024-11-01T01:00:12,1,4,10,1
5316700982,492.0,,-12.046472,-77.042774,2024-11-01T01:00:04,1,4,0,1
5316700982,377.39,Chifa Oriental,-4.000613926408782,-79.20494130865566,2024-11-01T00:59:56,0,4,7,1
5316700982,287.93,Micromercado Raquelita,-3.999408161403931,-79.20183399684345,2024-11-01T01:00:07,1,4,9,1
5316700982,406.13,Micromercado Raquelita,-3.999408161403931,-79.20183399684345,2024-11-01T01:00:13,1,4,9,1
5316700982,125.15,Magic Retro,-4.007180852021908,-79.20319391983115,2024-11-01T00:59:44,0,4,2,1
5316700982,289.49,Las Papas del hueco,-3.994720724747304,-79.20230587616402,2024-11-01T01:00:30,1,4,10,1
5316700982,102.9,KFC Supermaxi,-4.012120370108474,-79.2022100945605,2024-11-01T00:59:49,0,4,4,1
5316700982,340.1,,-12.046439,-77.042877,2024-11-01T01:00:27,1,4,0,1
5316700982,194.61,KFC Supermaxi,-4.012120370108474,-79.2022100945605,2024-11-01T00:59:50,0,4,4,1
5316700982,94.64,Micromercado Raquelita,-3.999408161403931,-79.20183399684345,2024-11-01T01:00:22,1,4,9,1
5316700982,184.87,KFC Supermaxi,-4.012120370108474,-79.2022100945605,2024-11-01T00:59:40,0,4,4,1
5316700982,67.1,KFC Supermaxi,-4.012120370108474,-79.2022100945605,2024-10-14T18:00:15,18,0,4,1
5316700982,439.93,,-12.04641,-77.042742,2024-10-06T23:00:22,23,6,0,1
5316700982,433.81,Panaderia Sabor Lojano,-4.001655630787613,-79.20555263072819,2024-11-01T00:59:52,0,4,3,1
5316700982,81.81,,-12.0465,-77.042711,2024-10-06T23:00:04,23,6,0,1
5316700982,494.6,Cafeteria Repe y Bolon,-4.002811727686732,-79.20354391414457,2024-10-06T22:59:41,22,6,6,1
5316700982,199.4,Cafeteria Repe y Bolon,-4.002811727686732,-79.20354391414457,2024-10-30T18:59:48,18,2,6,1
5316700982,357.03,Micromercado Raquelita,-3.999408161403931,-79.20183399684345,2024-10-16T15:59:55,15,2,9,1
5316700982,302.82,Manantial restaurant,-4.00066496410431,-79.20176356815338,2024-10-15T12:59:43,12,1,5,1
5316700982,350.39,Magic Retro,-4.007180852021908,-79.20319391983115,2024-10-21T09:00:05,9,0,2,1
5316700982,327.58,Magic Retro,-4.007180852021908,-79.20319391983115,2024-10-19T20:00:18,20,5,2,1
5316700982,268.99,KFC Supermaxi,-4.012120370108474,-79.2022100945605,2024-10-06T22:59:54,22,6,4,1
5316700982,324.14,,-12.046496,-77.042762,2024-10-06T22:59:42,22,6,0,1
5316700982,248.4,Panaderia Sabor Lojano,-4.001655630787613,-79.20555263072819,2024-10-06T23:00:19,23,6,3,1
5316700982,393.05,Panaderia Sabor Lojano,-4.001655630787613,-79.20555263072819,2024-10-06T23:00:14,23,6,3,1
5316700982,434.1,Cafeteria Repe y Bolon,-4.002811727686732,-79.20354391414457,2024-10-06T22:59:56,22,6,6,1
5316700982,195.79,,-12.046485,-77.042828,2024-10-07T15:59:53,15,0,0,1
5316700982,236.5,Las Papas del hueco,-3.994720724747304,-79.20230587616402,2024-10-06T22:59:41,22,6,10,1
5316700982,93.52,,-12.046463,-77.04271,2024-10-06T22:59:47,22,6,0,1
5316700982,76.64,Chifa Oriental,-4.000613926408782,-79.20494130865566,2024-10-06T23:00:22,23,6,7,1
5316700982,181.9,La Nona Restraurant,-4.001607861464169,-79.20895549799802,2024-10-06T23:00:29,23,6,8,1
5316700982,356.17,Chifa Oriental,-4.000613926408782,-79.20494130865566,2024-10-06T23:00:24,23,6,7,1
5316700982,193.6,,-12.046311,-77.042791,2024-10-06T23:00:20,23,6,0,1
5316700982,112.22,,-12.04636,-77.042707,2024-10-06T22:59:37,22,6,0,1
5316700982,413.27,,-12.046342,-77.042768,2024-10-06T22:59:48,22,6,0,1
5316700982,255.3,,-12.046407,-77.042838,2024-10-06T23:00:29,23,6,0,1
5316700982,195.61,Bogati Heladeria,-3.99592601240796,-79.20417171265396,2024-10-06T22:59:46,22,6,1,1
5676117469,185.95,Las Papas del hueco,-3.994720724747304,-79.20230587616402,2024-10-19T22:59:54,22,5,10,1
5676117469,237.87,KFC Supermaxi,-4.012120370108474,-79.2022100945605,2024-10-19T22:59:52,22,5,4,1
5676117469,101.53,,-12.046337,-77.042795,2024-10-19T23:00:19,23,5,0,1
5676117469,302.49,,-12.046484,-77.042783,2024-10-19T22:59:34,22,5,0,1
5676117469,320.52,Panaderia Sabor Lojano,-4.001655630787613,-79.20555263072819,2024-10-19T22:59:38,22,5,3,1
5676117469,447.49,,-12.046496,-77.042869,2024-10-19T22:59:31,22,5,0,1
5676117469,307.87,Manantial restaurant,-4.00066496410431,-79.20176356815338,2024-10-19T22:59:44,22,5,5,1
5676117469,186.57,,-12.046438,-77.042705,2024-10-19T22:59:47,22,5,0,1
5676117469,444.24,,-12.046482,-77.042813,2024-10-19T23:00:17,23,5,0,1
5676117469,116.58,,-12.046318,-77.04277,2024-10-19T23:00:15,23,5,0,1
5676117469,239.52,Magic Retro,-4.007180852021908,-79.20319391983115,2024-10-19T22:59:32,22,5,2,1
5676117469,459.46,,-12.046399,-77.042777,2024-10-30T01:00:25,1,2,0,1
5676117469,237.37,,-12.04648,-77.042851,2024-10-19T23:00:21,23,5,0,1
5676117469,307.85,Cafeteria Repe y Bolon,-4.002811727686732,-79.20354391414457,2024-10-19T22:59:59,22,5,6,1
5676117469,78.24,,-12.046366,-77.042811,2024-10-19T23:00:10,23,5,0,1
5676117469,110.63,,-12.046367,-77.04285,2024-10-04T14:00:20,14,4,0,1
5676117469,173.75,Magic Retro,-4.007180852021908,-79.20319391983115,2024-10-23T08:59:45,8,2,2,1
5676117469,255.38,,-12.046426,-77.042804,2024-10-10T18:59:39,18,3,0,1
5676117469,301.68,Bogati Heladeria,-3.99592601240796,-79.20417171265396,2024-10-21T19:59:38,19,0,1,1
5676117469,205.66,Magic Retro,-4.007180852021908,-79.20319391983115,2024-10-30T22:00:14,22,2,2,1
5676117469,55.87,Bogati Heladeria,-3.99592601240796,-79.20417171265396,2024-10-10T00:59:37,0,3,1,1
5676117469,446.05,,-12.046446,-77.042756,2024-10-19T22:59:49,22,5,0,1
5676117469,227.03,Micromercado Raquelita,-3.999408161403931,-79.20183399684345,2024-10-19T23:00:11,23,5,9,1
5676117469,107.06,Panaderia Sabor Lojano,-4.001655630787613,-79.20555263072819,2024-10-18T22:00:23,22,4,3,1
5676117469,170.59,Cafeteria Repe y Bolon,-4.002811727686732,-79.20354391414457,2024-10-19T23:00:24,23,5,6,1
5676117469,423.4,Micromercado Raquelita,-3.999408161403931,-79.20183399684345,2024-10-18T21:59:47,21,4,9,1
5676117469,477.37,,-12.046419,-77.042739,2024-10-18T21:59:56,21,4,0,1
5676117469,148.99,,-12.04642,-77.042852,2024-10-18T22:00:04,22,4,0,1
5676117469,305.7,Manantial restaurant,-4.00066496410431,-79.20176356815338,2024-10-18T22:00:01,22,4,5,1
5676117469,120.91,,-12.0464,-77.042754,2024-10-18T21:59:37,21,4,0,1
5676117469,241.24,Bogati Heladeria,-3.99592601240796,-79.20417171265396,2024-10-18T21:59:41,21,4,1,1
5676117469,365.74,,-12.046388,-77.042741,2024-10-18T21:59:48,21,4,0,1
5676117469,345.85,Magic Retro,-4.007180852021908,-79.20319391983115,2024-10-18T21:59:49,21,4,2,1
5676117469,443.82,,-12.046442,-77.042742,2024-10-18T21:59:43,21,4,0,1
5676117469,252.71,Cafeteria Repe y Bolon,-4.002811727686732,-79.20354391414457,2024-10-18T21:59:39,21,4,6,1
5676117469,148.68,,-12.046355,-77.042867,2024-10-18T22:00:25,22,4,0,1
5676117469,311.64,Magic Retro,-4.007180852021908,-79.20319391983115,2024-10-18T22:00:01,22,4,2,1
5676117469,323.44,Magic Retro,-4.007180852021908,-79.20319391983115,2024-10-18T22:00:27,22,4,2,1
5676117469,396.73,Chifa Oriental,-4.000613926408782,-79.20494130865566,2024-10-18T22:00:08,22,4,7,1
5676117469,201.0,,-12.046406,-77.04281,2024-10-18T22:00:13,22,4,0,1
5676117469,499.0,Micromercado Raquelita,-3.999408161403931,-79.20183399684345,2024-10-18T21:59:32,21,4,9,1
5676117469,209.26,,-12.046453,-77.042808,2024-10-18T21:59:33,21,4,0,1
5676117469,65.69,KFC Supermaxi,-4.012120370108474,-79.2022100945605,2024-10-18T21:59:55,21,4,4,1
5676117469,425.72,KFC Supermaxi,-4.012120370108474,-79.2022100945605,2024-10-18T21:59:34,21,4,4,1
5676117469,269.61,Cafeteria Repe y Bolon,-4.002811727686732,-79.20354391414457,2024-10-19T23:00:29,23,5,6,1
5676117469,277.86,Manantial restaurant,-4.00066496410431,-79.20176356815338,2024-10-19T23:00:12,23,5,5,1
5676117469,316.49,La Nona Restraurant,-4.001607861464169,-79.20895549799802,2024-10-19T22:59:33,22,5,8,1
5676117469,375.24,Magic Retro,-4.007180852021908,-79.20319391983115,2024-10-09T01:00:13,1,2,2,1
5676117469,378.29,La Nona Restraurant,-4.001607861464169,-79.20895549799802,2024-10-06T00:59:59,0,6,8,1
5676117469,118.27,,-12.046429,-77.042804,2024-10-04T20:59:43,20,4,0,1
6257003933,431.0,,-12.046432,-77.042761,2024-10-14T14:00:02,14,0,0,1
6257003933,125.63,,-12.046413,-77.042862,2024-10-14T13:59:53,13,0,0,1
6257003933,297.56,Chifa Oriental,-4.000613926408782,-79.20494130865566,2024-10-14T13:59:46,13,0,7,1
6257003933,143.75,La Nona Restraurant,-4.001607861464169,-79.20895549799802,2024-10-14T13:59:45,13,0,8,1
6257003933,107.71,,-12.046385,-77.042883,2024-10-14T13:59:57,13,0,0,1
6257003933,367.96,,-12.046403,-77.042855,2024-10-14T14:00:12,14,0,0,1
6257003933,163.56,KFC Supermaxi,-4.012120370108474,-79.2022100945605,2024-10-14T14:00:02,14,0,4,1
6257003933,57.18,KFC Supermaxi,-4.012120370108474,-79.2022100945605,2024-10-14T13:59:45,13,0,4,1
6257003933,69.54,Las Papas del hueco,-3.994720724747304,-79.20230587616402,2024-10-14T14:00:25,14,0,10,1
6257003933,472.07,,-12.046322,-77.042823,2024-10-14T13:59:34,13,0,0,1
6257003933,270.77,Manantial restaurant,-4.00066496410431,-79.20176356815338,2024-10-14T13:59:53,13,0,5,1
6257003933,213.51,Panaderia Sabor Lojano,-4.001655630787613,-79.20555263072819,2024-10-14T14:00:30,14,0,3,1
6257003933,260.72,,-12.046378,-77.042888,2024-10-14T14:00:23,14,0,0,1
6257003933,446.08,KFC Supermaxi,-4.012120370108474,-79.2022100945605,2024-10-14T14:00:01,14,0,4,1
6257003933,274.67,,-12.046319,-77.042859,2024-10-30T14:00:12,14,2,0,1
6257003933,162.33,Micromercado Raquelita,-3.999408161403931,-79.20183399684345,2024-10-02T16:59:35,16,2,9,1
6257003933,207.9,,-12.046421,-77.042883,2024-10-03T19:00:27,19,3,0,1
6257003933,184.13,KFC Supermaxi,-4.012120370108474,-79.2022100945605,2024-10-22T17:59:48,17,1,4,1
6257003933,61.08,,-12.046393,-77.04273,2024-10-22T20:00:16,20,1,0,1
6257003933,222.17,La Nona Restraurant,-4.001607861464169,-79.20895549799802,2024-10-19T20:00:10,20,5,8,1
6257003933,266.11,Chifa Oriental,-4.000613926408782,-79.20494130865566,2024-10-12T02:59:37,2,5,7,1
6257003933,388.11,Panaderia Sabor Lojano,-4.001655630787613,-79.20555263072819,2024-10-24T23:00:13,23,3,3,1
6257003933,76.56,,-12.046408,-77.042876,2024-10-14T13:59:42,13,0,0,1
6257003933,214.84,,-12.046393,-77.042852,2024-10-14T14:00:09,14,0,0,1
6257003933,429.7,,-12.046338,-77.042867,2024-10-14T14:00:23,14,0,0,1
6257003933,483.51,Bogati Heladeria,-3.99592601240796,-79.20417171265396,2024-10-14T14:00:11,14,0,1,1
6257003933,153.57,Chifa Oriental,-4.000613926408782,-79.20494130865566,2024-10-26T23:59:50,23,5,7,1
6257003933,392.78,,-12.046463,-77.042826,2024-10-27T00:00:18,0,6,0,1
6257003933,327.57,,-12.046312,-77.042809,2024-10-27T00:00:29,0,6,0,1
6257003933,262.71,Las Papas del hueco,-3.994720724747304,-79.20230587616402,2024-10-27T00:00:02,0,6,10,1
6257003933,281.13,La Nona Restraurant,-4.001607861464169,-79.20895549799802,2024-10-26T23:59:40,23,5,8,1
6257003933,180.69,Bogati Heladeria,-3.99592601240796,-79.20417171265396,2024-10-27T00:00:19,0,6,1,1
6257003933,389.58,,-12.046475,-77.042872,2024-10-27T00:00:18,0,6,0,1
6257003933,228.29,Cafeteria Repe y Bolon,-4.002811727686732,-79.20354391414457,2024-10-27T00:00:20,0,6,6,1
6257003933,126.88,,-12.046333,-77.042722,2024-10-27T00:00:30,0,6,0,1
6257003933,301.99,,-12.046474,-77.042804,2024-10-26T23:59:43,23,5,0,1
6257003933,408.14,,-12.046391,-77.04273,2024-10-09T19:00:25,19,2,0,1
6257003933,240.99,Bogati Heladeria,-3.99592601240796,-79.20417171265396,2024-10-27T00:00:12,0,6,1,1
6257003933,428.75,La Nona Restraurant,-4.001607861464169,-79.20895549799802,2024-10-26T23:59:30,23,5,8,1
6257003933,102.71,,-12.046392,-77.042889,2024-10-26T23:59:50,23,5,0,1
6257003933,139.93,Cafeteria Repe y Bolon,-4.002811727686732,-79.20354391414457,2024-10-26T23:59:41,23,5,6,1
6257003933,468.08,,-12.046462,-77.042726,2024-10-26T23:59:34,23,5,0,1
6257003933,204.27,,-12.046371,-77.042769,2024-10-27T00:00:01,0,6,0,1
6257003933,300.87,Chifa Oriental,-4.000613926408782,-79.20494130865566,2024-10-26T23:59:31,23,5,7,1
6257003933,420.88,Chifa Oriental,-4.000613926408782,-79.20494130865566,2024-10-27T00:00:03,0,6,7,1
6257003933,399.02,,-12.046454,-77.042856,2024-10-26T23:59:55,23,5,0,1
6257003933,79.57,La Nona Restraurant,-4.001607861464169,-79.20895549799802,2024-10-14T14:00:10,14,0,8,1
6257003933,398.75,,-12.046447,-77.042703,2024-10-14T13:59:40,13,0,0,1
6257003933,469.95,Chifa Oriental,-4.000613926408782,-79.20494130865566,2024-10-27T00:00:23,0,6,7,1
6257003933,56.07,Las Papas del hueco,-3.994720724747304,-79.20230587616402,2024-10-25T00:00:30,0,4,10,1
6358186098,225.12,,-12.046407,-77.042893,2024-10-15T19:00:29,19,1,0,1
6358186098,343.19,,-12.046453,-77.04283,2024-10-15T18:59:30,18,1,0,1
6358186098,78.66,Panaderia Sabor Lojano,-4.001655630787613,-79.20555263072819,2024-10-22T11:59:32,11,1,3,1
6358186098,157.85,,-12.046331,-77.042888,2024-10-13T19:59:37,19,6,0,1
6358186098,88.24,,-12.046418,-77.04287,2024-10-13T20:00:17,20,6,0,1
6358186098,52.0,KFC Supermaxi,-4.012120370108474,-79.2022100945605,2024-10-13T20:00:23,20,6,4,1
6358186098,473.37,,-12.046378,-77.042726,2024-10-15T18:59:54,18,1,0,1
6358186098,441.13,,-12.046491,-77.042702,2024-10-15T19:00:10,19,1,0,1
6358186098,447.13,,-12.046358,-77.042781,2024-10-15T19:00:19,19,1,0,1
6358186098,277.97,Panaderia Sabor Lojano,-4.001655630787613,-79.20555263072819,2024-10-15T18:59:48,18,1,3,1
6358186098,70.69,Magic Retro,-4.007180852021908,-79.20319391983115,2024-10-15T19:00:20,19,1,2,1
6358186098,295.61,La Nona Restraurant,-4.001607861464169,-79.20895549799802,2024-10-07T19:59:37,19,0,8,1
6358186098,64.78,Manantial restaurant,-4.00066496410431,-79.20176356815338,2024-10-15T19:00:14,19,1,5,1
6358186098,274.54,Magic Retro,-4.007180852021908,-79.20319391983115,2024-10-15T18:59:55,18,1,2,1
6358186098,459.8,Manantial restaurant,-4.00066496410431,-79.20176356815338,2024-10-15T18:59:35,18,1,5,1
6358186098,266.03,,-12.046459,-77.042767,2024-10-15T18:59:44,18,1,0,1
6358186098,271.39,,-12.046366,-77.042705,2024-10-15T19:00:11,19,1,0,1
6358186098,183.1,Las Papas del hueco,-3.994720724747304,-79.20230587616402,2024-10-15T18:59:33,18,1,10,1
6358186098,283.16,Magic Retro,-4.007180852021908,-79.20319391983115,2024-10-15T19:00:02,19,1,2,1
6358186098,154.05,,-12.046397,-77.042747,2024-10-15T18:59:54,18,1,0,1
6358186098,320.88,,-12.046383,-77.042859,2024-10-15T19:00:25,19,1,0,1
6358186098,243.53,Magic Retro,-4.007180852021908,-79.20319391983115,2024-10-15T18:59:35,18,1,2,1
6358186098,118.01,,-12.04631,-77.042875,2024-10-15T19:00:15,19,1,0,1
6358186098,143.41,,-12.046464,-77.042769,2024-10-15T18:59:50,18,1,0,1
6358186098,423.77,Micromercado Raquelita,-3.999408161403931,-79.20183399684345,2024-10-13T19:59:46,19,6,9,1
6358186098,93.07,,-12.046403,-77.042824,2024-10-13T20:00:08,20,6,0,1
6358186098,350.11,,-12.046336,-77.042827,2024-10-15T18:59:42,18,1,0,1
6358186098,414.71,,-12.046352,-77.042887,2024-10-13T19:59:55,19,6,0,1
6358186098,304.38,Chifa Oriental,-4.000613926408782,-79.20494130865566,2024-10-13T19:59:47,19,6,7,1
6358186098,139.72,Las Papas del hueco,-3.994720724747304,-79.20230587616402,2024-10-08T18:00:27,18,1,10,1
6358186098,204.59,,-12.046437,-77.04289,2024-10-29T18:00:10,18,1,0,1
6358186098,321.02,Las Papas del hueco,-3.994720724747304,-79.20230587616402,2024-10-13T00:00:01,0,6,10,1
6358186098,190.97,,-12.046405,-77.042784,2024-10-03T13:59:49,13,3,0,1
6358186098,389.77,Magic Retro,-4.007180852021908,-79.20319391983115,2024-10-12T07:59:34,7,5,2,1
6358186098,125.55,,-12.046446,-77.042753,2024-10-07T05:59:55,5,0,0,1
6358186098,90.79,La Nona Restraurant,-4.001607861464169,-79.20895549799802,2024-10-23T14:59:49,14,2,8,1
6358186098,381.98,Bogati Heladeria,-3.99592601240796,-79.20417171265396,2024-10-13T19:59:38,19,6,1,1
6358186098,325.2,,-12.046491,-77.042861,2024-10-13T20:00:15,20,6,0,1
6358186098,444.42,,-12.046464,-77.042716,2024-10-28T08:00:29,8,0,0,1
6358186098,376.13,,-12.04634,-77.042724,2024-10-13T19:59:40,19,6,0,1
6358186098,492.86,,-12.046461,-77.042865,2024-10-13T20:00:09,20,6,0,1
6358186098,301.85,,-12.046332,-77.042803,2024-10-13T19:59:45,19,6,0,1
6358186098,448.09,,-12.046424,-77.042718,2024-10-13T20:00:18,20,6,0,1
6358186098,376.14,Panaderia Sabor Lojano,-4.001655630787613,-79.20555263072819,2024-10-13T20:00:20,20,6,3,1
6358186098,383.03,Panaderia Sabor Lojano,-4.001655630787613,-79.20555263072819,2024-10-13T20:00:16,20,6,3,1
6358186098,228.11,Manantial restaurant,-4.00066496410431,-79.20176356815338,2024-10-13T19:59:56,19,6,5,1
6358186098,135.51,Panaderia Sabor Lojano,-4.001655630787613,-79.20555263072819,2024-10-13T19:59:55,19,6,3,1
6358186098,170.24,,-12.046396,-77.042878,2024-10-13T20:00:07,20,6,0,1
6358186098,498.66,,-12.046358,-77.042815,2024-10-13T19:59:30,19,6,0,1
6358186098,396.08,,-12.046388,-77.042769,2024-10-13T19:59:52,19,6,0,1
7254051503,79.04,,-12.046354,-77.042796,2024-10-08T20:00:20,20,1,0,1
7254051503,467.29,Bogati Heladeria,-3.99592601240796,-79.20417171265396,2024-10-19T12:59:58,12,5,1,1
7254051503,147.52,,-12.046348,-77.04277,2024-10-19T12:59:51,12,5,0,1
7254051503,331.22,Panaderia Sabor Lojano,-4.001655630787613,-79.20555263072819,2024-10-19T12:59:41,12,5,3,1
7254051503,254.08,Cafeteria Repe y Bolon,-4.002811727686732,-79.20354391414457,2024-10-19T12:59:55,12,5,6,1
7254051503,484.37,Manantial restaurant,-4.00066496410431,-79.20176356815338,2024-10-19T12:59:56,12,5,5,1
7254051503,60.71,Cafeteria Repe y Bolon,-4.002811727686732,-79.20354391414457,2024-10-19T12:59:41,12,5,6,1
7254051503,213.02,,-12.046432,-77.042715,2024-10-19T12:59:32,12,5,0,1
7254051503,451.37,Magic Retro,-4.007180852021908,-79.20319391983115,2024-10-19T12:59:32,12,5,2,1
7254051503,419.52,,-12.046335,-77.042777,2024-10-19T12:59:42,12,5,0,1
7254051503,377.25,,-12.046458,-77.042851,2024-10-19T13:00:13,13,5,0,1
7254051503,382.09,Cafeteria Repe y Bolon,-4.002811727686732,-79.20354391414457,2024-10-19T12:59:59,12,5,6,1
7254051503,448.75,,-12.046332,-77.042749,2024-10-19T12:59:55,12,5,0,1
7254051503,421.65,Magic Retro,-4.007180852021908,-79.20319391983115,2024-10-19T12:59:52,12,5,2,1
7254051503,338.88,Micromercado Raquelita,-3.999408161403931,-79.20183399684345,2024-10-19T12:59:31,12,5,9,1
7254051503,339.32,Manantial restaurant,-4.00066496410431,-79.20176356815338,2024-10-19T12:59:57,12,5,5,1
7254051503,278.66,Manantial restaurant,-4.00066496410431,-79.20176356815338,2024-10-19T13:00:10,13,5,5,1
7254051503,428.04,Chifa Oriental,-4.000613926408782,-79.20494130865566,2024-10-19T12:59:38,12,5,7,1
7254051503,86.43,Micromercado Raquelita,-3.999408161403931,-79.20183399684345,2024-10-19T13:00:19,13,5,9,1
7254051503,232.06,Las Papas del hueco,-3.994720724747304,-79.20230587616402,2024-10-19T13:00:15,13,5,10,1
7254051503,155.01,,-12.046443,-77.042846,2024-10-08T19:59:45,19,1,0,1
7254051503,415.58,,-12.046473,-77.042792,2024-10-19T13:00:08,13,5,0,1
7254051503,495.6,Magic Retro,-4.007180852021908,-79.20319391983115,2024-10-08T19:59:39,19,1,2,1
7254051503,305.2,,-12.046356,-77.042714,2024-10-15T19:59:35,19,1,0,1
7254051503,327.41,Panaderia Sabor Lojano,-4.001655630787613,-79.20555263072819,2024-10-08T20:00:02,20,1,3,1
7254051503,128.96,,-12.046324,-77.042709,2024-10-08T20:00:11,20,1,0,1
7254051503,340.35,Chifa Oriental,-4.000613926408782,-79.20494130865566,2024-10-19T10:59:40,10,5,7,1
7254051503,266.13,KFC Supermaxi,-4.012120370108474,-79.2022100945605,2024-10-12T20:59:43,20,5,4,1
7254051503,453.71,,-12.046397,-77.042789,2024-10-17T19:59:57,19,3,0,1
7254051503,159.2,Panaderia Sabor Lojano,-4.001655630787613,-79.20555263072819,2024-11-01T03:59:48,3,4,3,1
7254051503,305.14,Magic Retro,-4.007180852021908,-79.20319391983115,2024-10-29T16:00:29,16,1,2,1
7254051503,91.95,,-12.046359,-77.042797,2024-10-11T09:00:27,9,4,0,1
7254051503,447.34,,-12.046456,-77.042714,2024-10-10T10:59:44,10,3,0,1
7254051503,105.55,Bogati Heladeria,-3.99592601240796,-79.20417171265396,2024-10-27T16:59:59,16,6,1,1
7254051503,294.99,,-12.046493,-77.042783,2024-10-08T19:59:30,19,1,0,1
7254051503,245.48,Manantial restaurant,-4.00066496410431,-79.20176356815338,2024-10-08T20:00:07,20,1,5,1
7254051503,418.48,Micromercado Raquelita,-3.999408161403931,-79.20183399684345,2024-10-08T19:59:45,19,1,9,1
7254051503,85.54,,-12.046347,-77.042786,2024-10-19T12:00:26,12,5,0,1
7254051503,445.75,Las Papas del hueco,-3.994720724747304,-79.20230587616402,2024-10-08T20:00:26,20,1,10,1
7254051503,53.37,,-12.046498,-77.042836,2024-10-08T20:00:14,20,1,0,1
7254051503,124.8,,-12.046326,-77.042726,2024-10-08T19:59:32,19,1,0,1
7254051503,160.34,,-12.046417,-77.042875,2024-10-08T20:00:24,20,1,0,1
7254051503,338.56,Micromercado Raquelita,-3.999408161403931,-79.20183399684345,2024-10-08T19:59:46,19,1,9,1
7254051503,105.93,Las Papas del hueco,-3.994720724747304,-79.20230587616402,2024-10-08T20:00:12,20,1,10,1
7254051503,290.09,,-12.046338,-77.042798,2024-10-08T19:59:32,19,1,0,1
7254051503,446.91,La Nona Restraurant,-4.001607861464169,-79.20895549799802,2024-10-08T20:00:13,20,1,8,1
7254051503,150.01,Chifa Oriental,-4.000613926408782,-79.20494130865566,2024-10-08T20:00:12,20,1,7,1
7254051503,191.52,KFC Supermaxi,-4.012120370108474,-79.2022100945605,2024-10-08T19:59:35,19,1,4,1
7254051503,100.45,Manantial restaurant,-4.00066496410431,-79.20176356815338,2024-10-08T19:59:46,19,1,5,1
7254051503,150.01,,-12.046332,-77.042874,2024-10-08T20:00:13,20,1,0,1
7328921774,435.28,Manantial restaurant,-4.00066496410431,-79.20176356815338,2024-10-13T09:59:38,9,6,5,1
7328921774,309.14,,-12.046322,-77.042751,2024-10-13T09:59:35,9,6,0,1
7328921774,340.31,KFC Supermaxi,-4.012120370108474,-79.2022100945605,2024-10-13T09:59:30,9,6,4,1
7328921774,487.54,,-12.046356,-77.042744,2024-10-13T09:59:44,9,6,0,1
7328921774,66.91,,-12.046338,-77.042776,2024-10-13T10:00:06,10,6,0,1
7328921774,177.7,Micromercado Raquelita,-3.999408161403931,-79.20183399684345,2024-10-13T09:59:32,9,6,9,1
7328921774,385.96,Chifa Oriental,-4.000613926408782,-79.20494130865566,2024-10-13T09:59:40,9,6,7,1
7328921774,466.72,Cafeteria Repe y Bolon,-4.002811727686732,-79.20354391414457,2024-10-13T10:00:25,10,6,6,1
7328921774,469.24,Bogati Heladeria,-3.99592601240796,-79.20417171265396,2024-10-13T09:59:59,9,6,1,1
7328921774,205.68,,-12.046466,-77.04284,2024-10-13T09:59:46,9,6,0,1
7328921774,356.39,Magic Retro,-4.007180852021908,-79.20319391983115,2024-10-20T09:59:31,9,6,2,1
7328921774,143.21,,-12.046486,-77.042718,2024-10-04T11:00:16,11,4,0,1
7328921774,125.44,,-12.046374,-77.042809,2024-10-05T23:59:54,23,5,0,1
7328921774,83.98,,-12.046478,-77.042873,2024-10-28T22:59:52,22,0,0,1
7328921774,261.78,Cafeteria Repe y Bolon,-4.002811727686732,-79.20354391414457,2024-10-07T23:59:39,23,0,6,1
7328921774,80.2,,-12.046328,-77.042855,2024-10-03T03:59:41,3,3,0,1
7328921774,381.02,,-12.046462,-77.042727,2024-10-04T06:00:04,6,4,0,1
7328921774,446.05,Chifa Oriental,-4.000613926408782,-79.20494130865566,2024-11-01T04:00:03,4,4,7,1
7328921774,309.03,,-12.046302,-77.042787,2024-10-25T10:59:43,10,4,0,1
7328921774,231.15,,-12.046331,-77.042758,2024-10-20T23:00:27,23,6,0,1
7328921774,326.27,,-12.046479,-77.042754,2024-10-13T09:59:31,9,6,0,1
7328921774,263.22,Magic Retro,-4.007180852021908,-79.20319391983115,2024-10-13T09:59:49,9,6,2,1
7328921774,316.89,,-12.046446,-77.042716,2024-10-13T10:00:29,10,6,0,1
7328921774,337.03,Panaderia Sabor Lojano,-4.001655630787613,-79.20555263072819,2024-10-27T12:00:16,12,6,3,1
7328921774,257.35,KFC Supermaxi,-4.012120370108474,-79.2022100945605,2024-10-13T10:00:27,10,6,4,1
7328921774,370.79,Las Papas del hueco,-3.994720724747304,-79.20230587616402,2024-10-27T12:00:16,12,6,10,1
7328921774,75.41,,-12.046454,-77.042717,2024-10-27T12:00:24,12,6,0,1
7328921774,157.77,Panaderia Sabor Lojano,-4.001655630787613,-79.20555263072819,2024-10-27T12:00:15,12,6,3,1
7328921774,463.25,Las Papas del hueco,-3.994720724747304,-79.20230587616402,2024-10-27T12:00:29,12,6,10,1
7328921774,55.94,Las Papas del hueco,-3.994720724747304,-79.20230587616402,2024-10-27T12:00:09,12,6,10,1
7328921774,121.29,,-12.046441,-77.042741,2024-10-27T11:59:55,11,6,0,1
7328921774,312.94,Manantial restaurant,-4.00066496410431,-79.20176356815338,2024-10-27T12:00:01,12,6,5,1
7328921774,71.37,Bogati Heladeria,-3.99592601240796,-79.20417171265396,2024-10-27T12:00:14,12,6,1,1
7328921774,327.06,Bogati Heladeria,-3.99592601240796,-79.20417171265396,2024-10-27T11:59:31,11,6,1,1
7328921774,373.58,,-12.046366,-77.042806,2024-10-27T12:00:10,12,6,0,1
7328921774,59.29,Panaderia Sabor Lojano,-4.001655630787613,-79.20555263072819,2024-10-27T12:00:05,12,6,3,1
7328921774,370.76,Manantial restaurant,-4.00066496410431,-79.20176356815338,2024-10-27T12:00:16,12,6,5,1
7328921774,362.89,Chifa Oriental,-4.000613926408782,-79.20494130865566,2024-10-27T11:59:41,11,6,7,1
7328921774,94.11,,-12.046484,-77.042743,2024-10-27T12:00:17,12,6,0,1
7328921774,302.93,,-12.046455,-77.042852,2024-10-27T12:00:30,12,6,0,1
7328921774,425.68,,-12.04638,-77.04287,2024-10-27T12:00:27,12,6,0,1
7328921774,493.07,Chifa Oriental,-4.000613926408782,-79.20494130865566,2024-10-27T12:00:20,12,6,7,1
7328921774,254.81,,-12.04634,-77.042788,2024-10-13T10:00:08,10,6,0,1
7328921774,435.39,Las Papas del hueco,-3.994720724747304,-79.20230587616402,2024-10-13T09:59:37,9,6,10,1
7328921774,119.16,Panaderia Sabor Lojano,-4.001655630787613,-79.20555263072819,2024-10-13T09:59:43,9,6,3,1
7328921774,307.39,,-12.046437,-77.042876,2024-10-13T09:59:38,9,6,0,1
7328921774,334.6,,-12.046473,-77.042885,2024-10-13T10:00:27,10,6,0,1
7328921774,456.89,,-12.046327,-77.042843,2024-10-13T10:00:15,10,6,0,1
7328921774,482.47,Bogati Heladeria,-3.99592601240796,-79.20417171265396,2024-10-27T11:59:53,11,6,1,1
7328921774,419.77,Las Papas del hueco,-3.994720724747304,-79.20230587616402,2024-10-27T11:59:42,11,6,10,1
8129160592,99.72,Panaderia Sabor Lojano,-4.001655630787613,-79.20555263072819,2024-10-11T15:00:05,15,4,3,1
8129160592,345.35,Panaderia Sabor Lojano,-4.001655630787613,-79.20555263072819,2024-10-11T14:59:41,14,4,3,1
8129160592,380.16,,-12.04644,-77.042774,2024-10-11T15:00:23,15,4,0,1
8129160592,164.04,Chifa Oriental,-4.000613926408782,-79.20494130865566,2024-10-11T15:00:29,15,4,7,1
8129160592,167.66,La Nona Restraurant,-4.001607861464169,-79.20895549799802,2024-10-11T15:00:26,15,4,8,1
8129160592,439.24,Cafeteria Repe y Bolon,-4.002811727686732,-79.20354391414457,2024-10-11T14:59:54,14,4,6,1
8129160592,401.68,,-12.046436,-77.042807,2024-10-11T14:59:43,14,4,0,1
8129160592,213.93,Chifa Oriental,-4.000613926408782,-79.20494130865566,2024-10-11T14:59:37,14,4,7,1
8129160592,214.2,Cafeteria Repe y Bolon,-4.002811727686732,-79.20354391414457,2024-10-11T15:00:05,15,4,6,1
8129160592,67.08,Panaderia Sabor Lojano,-4.001655630787613,-79.20555263072819,2024-10-11T15:00:20,15,4,3,1
8129160592,317.79,,-12.046466,-77.04271,2024-10-11T15:00:24,15,4,0,1
8129160592,421.17,Cafeteria Repe y Bolon,-4.002811727686732,-79.20354391414457,2024-10-16T12:59:52,12,2,6,1
8129160592,72.1,Bogati Heladeria,-3.99592601240796,-79.20417171265396,2024-10-24T20:59:36,20,3,1,1
8129160592,315.33,,-12.046362,-77.042745,2024-10-06T19:59:52,19,6,0,1
8129160592,194.49,,-12.046497,-77.042811,2024-10-01T17:59:45,17,1,0,1
8129160592,487.73,,-12.046337,-77.042746,2024-10-29T01:59:45,1,1,0,1
8129160592,277.53,Bogati Heladeria,-3.99592601240796,-79.20417171265396,2024-10-19T09:00:05,9,5,1,1
8129160592,449.74,La Nona Restraurant,-4.001607861464169,-79.20895549799802,2024-10-05T02:00:19,2,5,8,1
8129160592,117.75,,-12.046475,-77.042775,2024-10-14T12:59:39,12,0,0,1
8129160592,154.16,Magic Retro,-4.007180852021908,-79.20319391983115,2024-10-09T20:00:27,20,2,2,1
8129160592,440.13,,-12.046365,-77.04287,2024-10-13T13:00:12,13,6,0,1
8129160592,235.13,Panaderia Sabor Lojano,-4.001655630787613,-79.20555263072819,2024-10-11T14:59:42,14,4,3,1
8129160592,193.8,Bogati Heladeria,-3.99592601240796,-79.20417171265396,2024-10-11T14:59:46,14,4,1,1
8129160592,92.18,,-12.046343,-77.042754,2024-10-11T15:00:18,15,4,0,1
8129160592,333.49,,-12.046493,-77.042858,2024-10-11T15:00:22,15,4,0,1
8129160592,436.62,,-12.046408,-77.042757,2024-10-05T03:59:56,3,5,0,1
8129160592,173.37,,-12.046361,-77.042863,2024-10-05T04:00:01,4,5,0,1
8129160592,418.43,La Nona Restraurant,-4.001607861464169,-79.20895549799802,2024-10-05T03:59:53,3,5,8,1
8129160592,321.88,Cafeteria Repe y Bolon,-4.002811727686732,-79.20354391414457,2024-10-05T03:59:40,3,5,6,1
8129160592,264.52,La Nona Restraurant,-4.001607861464169,-79.20895549799802,2024-10-05T03:59:43,3,5,8,1
8129160592,431.44,KFC Supermaxi,-4.012120370108474,-79.2022100945605,2024-10-05T03:59:53,3,5,4,1
8129160592,120.05,Cafeteria Repe y Bolon,-4.002811727686732,-79.20354391414457,2024-10-05T03:59:40,3,5,6,1
8129160592,80.94,,-12.046472,-77.042747,2024-10-05T04:00:13,4,5,0,1
8129160592,234.25,,-12.046462,-77.042894,2024-10-05T03:59:53,3,5,0,1
8129160592,338.3,Las Papas del hueco,-3.994720724747304,-79.20230587616402,2024-10-05T04:00:19,4,5,10,1
8129160592,312.98,La Nona Restraurant,-4.001607861464169,-79.20895549799802,2024-10-05T04:00:19,4,5,8,1
8129160592,467.41,,-12.046332,-77.042756,2024-10-05T03:59:52,3,5,0,1
8129160592,211.26,La Nona Restraurant,-4.001607861464169,-79.20895549799802,2024-10-05T04:00:06,4,5,8,1
8129160592,301.0,,-12.046403,-77.042746,2024-10-05T04:00:28,4,5,0,1
8129160592,136.06,,-12.04638,-77.04287,2024-10-05T03:59:50,3,5,0,1
8129160592,456.82,Magic Retro,-4.007180852021908,-79.20319391983115,2024-10-05T03:59:54,3,5,2,1
8129160592,279.4,Panaderia Sabor Lojano,-4.001655630787613,-79.20555263072819,2024-10-11T14:59:53,14,4,3,1
8129160592,171.5,Las Papas del hueco,-3.994720724747304,-79.20230587616402,2024-10-11T15:00:11,15,4,10,1
8129160592,252.35,Las Papas del hueco,-3.994720724747304,-79.20230587616402,2024-10-11T14:59:39,14,4,10,1
8129160592,202.92,,-12.046337,-77.042778,2024-10-11T14:59:41,14,4,0,1
8129160592,378.89,,-12.046471,-77.042866,2024-10-11T14:59:51,14,4,0,1
8129160592,378.86,,-12.046482,-77.042781,2024-10-05T03:59:37,3,5,0,1
8129160592,227.76,,-12.046438,-77.042736,2024-10-05T04:00:01,4,5,0,1
8129160592,65.11,KFC Supermaxi,-4.012120370108474,-79.2022100945605,2024-10-05T04:00:01,4,5,4,1
8129160592,101.34,Cafeteria Repe y Bolon,-4.002811727686732,-79.20354391414457,2024-10-05T03:59:45,3,5,6,1
8927295120,335.22,Magic Retro,-4.007180852021908,-79.20319391983115,2024-10-26T09:59:57,9,5,2,1
8927295120,176.17,Bogati Heladeria,-3.99592601240796,-79.20417171265396,2024-10-26T10:00:26,10,5,1,1
8927295120,206.78,,-12.046425,-77.042852,2024-10-26T10:00:28,10,5,0,1
8927295120,417.53,Micromercado Raquelita,-3.999408161403931,-79.20183399684345,2024-10-26T09:59:31,9,5,9,1
8927295120,476.11,,-12.04635,-77.042769,2024-10-26T09:59:58,9,5,0,1
8927295120,460.17,Chifa Oriental,-4.000613926408782,-79.20494130865566,2024-10-26T09:59:49,9,5,7,1
8927295120,224.17,,-12.046315,-77.042724,2024-10-26T09:59:49,9,5,0,1
8927295120,152.78,,-12.046426,-77.042814,2024-10-26T09:59:51,9,5,0,1
8927295120,450.96,Las Papas del hueco,-3.994720724747304,-79.20230587616402,2024-10-26T10:00:18,10,5,10,1
8927295120,121.33,,-12.046395,-77.042777,2024-10-26T10:00:28,10,5,0,1
8927295120,480.98,,-12.046421,-77.042742,2024-10-26T10:00:09,10,5,0,1
8927295120,92.96,Manantial restaurant,-4.00066496410431,-79.20176356815338,2024-10-03T01:59:42,1,3,5,1
8927295120,391.63,,-12.04635,-77.042803,2024-10-26T10:00:25,10,5,0,1
8927295120,317.31,Manantial restaurant,-4.00066496410431,-79.20176356815338,2024-10-20T20:00:30,20,6,5,1
8927295120,95.43,,-12.046474,-77.04286,2024-10-26T06:00:08,6,5,0,1
8927295120,266.51,Chifa Oriental,-4.000613926408782,-79.20494130865566,2024-10-05T16:00:08,16,5,7,1
8927295120,412.62,Chifa Oriental,-4.000613926408782,-79.20494130865566,2024-10-13T22:00:10,22,6,7,1
8927295120,283.36,Chifa Oriental,-4.000613926408782,-79.20494130865566,2024-10-25T22:00:27,22,4,7,1
8927295120,126.66,,-12.046309,-77.042859,2024-10-28T00:59:31,0,0,0,1
8927295120,478.53,Chifa Oriental,-4.000613926408782,-79.20494130865566,2024-10-24T19:59:51,19,3,7,1
8927295120,370.79,Micromercado Raquelita,-3.999408161403931,-79.20183399684345,2024-10-09T07:59:34,7,2,9,1
8927295120,481.76,,-12.046434,-77.04271,2024-10-27T15:00:26,15,6,0,1
8927295120,211.05,Bogati Heladeria,-3.99592601240796,-79.20417171265396,2024-10-28T19:00:23,19,0,1,1
8927295120,415.63,Bogati Heladeria,-3.99592601240796,-79.20417171265396,2024-10-26T10:00:26,10,5,1,1
8927295120,359.55,La Nona Restraurant,-4.001607861464169,-79.20895549799802,2024-10-26T09:59:45,9,5,8,1
8927295120,482.79,KFC Supermaxi,-4.012120370108474,-79.2022100945605,2024-10-26T10:00:00,10,5,4,1
8927295120,208.3,Chifa Oriental,-4.000613926408782,-79.20494130865566,2024-10-26T10:00:28,10,5,7,1
8927295120,375.61,Micromercado Raquelita,-3.999408161403931,-79.20183399684345,2024-10-03T01:59:34,1,3,9,1
8927295120,359.36,Cafeteria Repe y Bolon,-4.002811727686732,-79.20354391414457,2024-10-03T01:59:37,1,3,6,1
8927295120,69.97,,-12.046432,-77.04271,2024-10-03T01:59:59,1,3,0,1
8927295120,388.49,Manantial restaurant,-4.00066496410431,-79.20176356815338,2024-10-03T02:00:01,2,3,5,1
8927295120,89.6,,-12.046376,-77.042752,2024-10-03T02:00:18,2,3,0,1
8927295120,494.93,,-12.046464,-77.042868,2024-10-03T02:00:08,2,3,0,1
8927295120,87.34,Chifa Oriental,-4.000613926408782,-79.20494130865566,2024-10-03T01:59:55,1,3,7,1
8927295120,212.67,Magic Retro,-4.007180852021908,-79.20319391983115,2024-10-03T01:59:54,1,3,2,1
8927295120,153.82,,-12.046409,-77.042721,2024-10-03T01:59:50,1,3,0,1
8927295120,114.96,,-12.046325,-77.042701,2024-10-03T01:59:56,1,3,0,1
8927295120,435.36,,-12.046345,-77.042788,2024-10-26T09:59:35,9,5,0,1
8927295120,313.78,La Nona Restraurant,-4.001607861464169,-79.20895549799802,2024-10-03T01:59:37,1,3,8,1
8927295120,139.62,Manantial restaurant,-4.00066496410431,-79.20176356815338,2024-10-03T01:59:53,1,3,5,1
8927295120,95.37,,-12.046346,-77.042751,2024-10-03T01:59:42,1,3,0,1
8927295120,84.07,Las Papas del hueco,-3.994720724747304,-79.20230587616402,2024-10-03T02:00:18,2,3,10,1
8927295120,69.96,La Nona Restraurant,-4.001607861464169,-79.20895549799802,2024-10-03T02:00:07,2,3,8,1
8927295120,168.39,,-12.046307,-77.042865,2024-10-03T01:59:59,1,3,0,1
8927295120,363.24,Bogati Heladeria,-3.99592601240796,-79.20417171265396,2024-10-03T02:00:16,2,3,1,1
8927295120,169.21,La Nona Restraurant,-4.001607861464169,-79.20895549799802,2024-10-03T02:00:06,2,3,8,1
8927295120,356.92,Chifa Oriental,-4.000613926408782,-79.20494130865566,2024-10-26T09:59:57,9,5,7,1
8927295120,100.56,KFC Supermaxi,-4.012120370108474,-79.2022100945605,2024-10-26T09:59:31,9,5,4,1
8927295120,434.09,Chifa Oriental,-4.000613926408782,-79.20494130865566,2024-10-26T10:00:11,10,5,7,1
8927295120,211.29,,-12.046372999999999,-77.042734,2024-10-03T02:00:05,2,3,0,1
8961530551,463.18,Magic Retro,-4.007180852021908,-79.20319391983115,2024-10-13T12:00:00,12,6,2,1
8961530551,324.63,Bogati Heladeria,-3.99592601240796,-79.20417171265396,2024-10-13T12:00:28,12,6,1,1
8961530551,175.28,Las Papas del hueco,-3.994720724747304,-79.20230587616402,2024-10-25T01:00:17,1,4,10,1
8961530551,61.77,La Nona Restraurant,-4.001607861464169,-79.20895549799802,2024-10-25T01:00:26,1,4,8,1
8961530551,267.27,Cafeteria Repe y Bolon,-4.002811727686732,-79.20354391414457,2024-10-25T00:59:53,0,4,6,1
8961530551,87.53,,-12.046453,-77.042873,2024-10-25T01:00:19,1,4,0,1
8961530551,113.62,Magic Retro,-4.007180852021908,-79.20319391983115,2024-10-25T01:00:04,1,4,2,1
8961530551,364.31,Magic Retro,-4.007180852021908,-79.20319391983115,2024-10-25T00:59:46,0,4,2,1
8961530551,180.87,Cafeteria Repe y Bolon,-4.002811727686732,-79.20354391414457,2024-10-25T00:59:38,0,4,6,1
8961530551,409.72,Las Papas del hueco,-3.994720724747304,-79.20230587616402,2024-10-25T01:00:10,1,4,10,1
8961530551,199.32,Magic Retro,-4.007180852021908,-79.20319391983115,2024-10-25T00:59:39,0,4,2,1
8961530551,63.16,,-12.04643,-77.042796,2024-10-25T01:00:28,1,4,0,1
8961530551,236.71,,-12.046417,-77.042824,2024-10-25T00:59:55,0,4,0,1
8961530551,288.35,La Nona Restraurant,-4.001607861464169,-79.20895549799802,2024-10-25T01:00:26,1,4,8,1
8961530551,349.28,,-12.046309,-77.04281,2024-10-25T00:59:35,0,4,0,1
8961530551,75.67,,-12.046342,-77.042818,2024-10-25T00:59:46,0,4,0,1
8961530551,148.29,,-12.046321,-77.042723,2024-10-13T16:00:24,16,6,0,1
8961530551,238.36,,-12.046447,-77.042895,2024-10-05T04:59:43,4,5,0,1
8961530551,241.52,Cafeteria Repe y Bolon,-4.002811727686732,-79.20354391414457,2024-10-16T15:59:52,15,2,6,1
8961530551,417.71,,-12.046379,-77.042774,2024-10-19T15:00:02,15,5,0,1
8961530551,180.91,KFC Supermaxi,-4.012120370108474,-79.2022100945605,2024-10-05T17:00:09,17,5,4,1
8961530551,122.68,,-12.04643,-77.042879,2024-10-25T16:59:58,16,4,0,1
8961530551,494.6,Chifa Oriental,-4.000613926408782,-79.20494130865566,2024-10-22T09:00:19,9,1,7,1
8961530551,98.52,La Nona Restraurant,-4.001607861464169,-79.20895549799802,2024-10-25T00:59:37,0,4,8,1
8961530551,183.45,,-12.046499,-77.042871,2024-10-18T07:59:50,7,4,0,1
8961530551,359.95,Micromercado Raquelita,-3.999408161403931,-79.20183399684345,2024-10-25T01:00:12,1,4,9,1
8961530551,253.18,Micromercado Raquelita,-3.999408161403931,-79.20183399684345,2024-10-25T01:00:06,1,4,9,1
8961530551,144.86,Micromercado Raquelita,-3.999408161403931,-79.20183399684345,2024-10-13T12:00:26,12,6,9,1
8961530551,78.05,Chifa Oriental,-4.000613926408782,-79.20494130865566,2024-10-13T11:59:38,11,6,7,1
8961530551,83.03,,-12.046306,-77.042722,2024-10-13T12:00:10,12,6,0,1
8961530551,348.92,,-12.046363,-77.042729,2024-10-13T11:59:33,11,6,0,1
8961530551,197.08,Las Papas del hueco,-3.994720724747304,-79.20230587616402,2024-10-13T12:00:03,12,6,10,1
8961530551,195.79,Panaderia Sabor Lojano,-4.001655630787613,-79.20555263072819,2024-10-13T11:59:54,11,6,3,1
8961530551,441.22,La Nona Restraurant,-4.001607861464169,-79.20895549799802,2024-10-13T11:59:34,11,6,8,1
8961530551,201.89,,-12.046416,-77.042719,2024-10-13T12:00:23,12,6,0,1
8961530551,154.7,,-12.046339,-77.042783,2024-10-13T11:59:33,11,6,0,1
8961530551,149.55,La Nona Restraurant,-4.001607861464169,-79.20895549799802,2024-10-13T11:59:41,11,6,8,1
8961530551,148.52,Bogati Heladeria,-3.99592601240796,-79.20417171265396,2024-10-13T11:59:47,11,6,1,1
8961530551,81.0,,-12.046407,-77.042731,2024-10-13T12:00:02,12,6,0,1
8961530551,228.16,,-12.046421,-77.042812,2024-10-13T12:00:24,12,6,0,1
8961530551,113.84,,-12.046391,-77.042742,2024-10-13T11:59:44,11,6,0,1
8961530551,86.3,Bogati Heladeria,-3.99592601240796,-79.20417171265396,2024-10-13T12:00:03,12,6,1,1
8961530551,52.55,,-12.046495,-77.042889,2024-10-13T12:00:07,12,6,0,1
8961530551,179.86,Magic Retro,-4.007180852021908,-79.20319391983115,2024-10-13T11:59:38,11,6,2,1
8961530551,216.55,,-12.04648,-77.042857,2024-10-13T12:00:11,12,6,0,1
8961530551,165.66,Chifa Oriental,-4.000613926408782,-79.20494130865566,2024-10-25T01:00:18,1,4,7,1
8961530551,336.71,Micromercado Raquelita,-3.999408161403931,-79.20183399684345,2024-10-25T01:00:22,1,4,9,1
8961530551,90.86,,-12.046318,-77.042829,2024-10-25T01:00:22,1,4,0,1
8961530551,405.0,,-12.046355,-77.04278,2024-10-17T00:00:25,0,3,0,1
8961530551,422.37,,-12.046325,-77.042873,2024-10-27T23:00:28,23,6,0,1
9306157610,429.57,,-12.046422,-77.042872,2024-10-16T05:00:23,5,2,0,1
9306157610,308.31,Manantial restaurant,-4.00066496410431,-79.20176356815338,2024-10-19T06:00:07,6,5,5,1
9306157610,498.23,Magic Retro,-4.007180852021908,-79.20319391983115,2024-10-27T14:00:00,14,6,2,1
9306157610,365.25,Las Papas del hueco,-3.994720724747304,-79.20230587616402,2024-10-02T03:00:03,3,2,10,1
9306157610,325.34,Chifa Oriental,-4.000613926408782,-79.20494130865566,2024-10-02T03:00:00,3,2,7,1
9306157610,377.22,,-12.046417,-77.042884,2024-10-02T02:59:32,2,2,0,1
9306157610,311.06,Magic Retro,-4.007180852021908,-79.20319391983115,2024-10-27T13:59:41,13,6,2,1
9306157610,281.28,,-12.046452,-77.042805,2024-10-27T14:00:24,14,6,0,1
9306157610,160.73,,-12.04634,-77.042824,2024-10-27T14:00:02,14,6,0,1
9306157610,317.75,KFC Supermaxi,-4.012120370108474,-79.2022100945605,2024-10-27T13:59:33,13,6,4,1
9306157610,148.48,,-12.046312,-77.042726,2024-10-27T14:00:00,14,6,0,1
9306157610,433.65,,-12.04631,-77.042828,2024-10-27T13:59:57,13,6,0,1
9306157610,132.39,Manantial restaurant,-4.00066496410431,-79.20176356815338,2024-10-27T13:59:41,13,6,5,1
9306157610,255.49,Manantial restaurant,-4.00066496410431,-79.20176356815338,2024-10-02T03:00:03,3,2,5,1
9306157610,177.25,Panaderia Sabor Lojano,-4.001655630787613,-79.20555263072819,2024-10-27T14:00:26,14,6,3,1
9306157610,208.65,,-12.046348,-77.042798,2024-10-27T14:00:24,14,6,0,1
9306157610,468.0,Manantial restaurant,-4.00066496410431,-79.20176356815338,2024-10-27T14:00:09,14,6,5,1
9306157610,220.72,,-12.046342,-77.042899,2024-10-27T13:59:56,13,6,0,1
9306157610,204.45,,-12.046368,-77.042706,2024-10-27T13:59:52,13,6,0,1
9306157610,203.09,Chifa Oriental,-4.000613926408782,-79.20494130865566,2024-10-27T14:00:09,14,6,7,1
9306157610,388.75,Micromercado Raquelita,-3.999408161403931,-79.20183399684345,2024-10-27T14:00:01,14,6,9,1
9306157610,244.6,Bogati Heladeria,-3.99592601240796,-79.20417171265396,2024-10-27T13:59:42,13,6,1,1
9306157610,312.25,,-12.046439,-77.042827,2024-10-27T14:00:26,14,6,0,1
9306157610,281.3,Las Papas del hueco,-3.994720724747304,-79.20230587616402,2024-10-27T14:00:19,14,6,10,1
9306157610,312.94,KFC Supermaxi,-4.012120370108474,-79.2022100945605,2024-10-27T13:59:40,13,6,4,1
9306157610,162.44,KFC Supermaxi,-4.012120370108474,-79.2022100945605,2024-10-02T03:00:00,3,2,4,1
9306157610,110.79,,-12.046361,-77.042852,2024-10-29T10:59:55,10,1,0,1
9306157610,326.97,KFC Supermaxi,-4.012120370108474,-79.2022100945605,2024-10-02T02:59:59,2,2,4,1
9306157610,320.61,Cafeteria Repe y Bolon,-4.002811727686732,-79.20354391414457,2024-10-15T11:59:52,11,1,6,1
9306157610,78.49,Micromercado Raquelita,-3.999408161403931,-79.20183399684345,2024-10-26T01:00:21,1,5,9,1
9306157610,106.36,Las Papas del hueco,-3.994720724747304,-79.20230587616402,2024-10-23T13:59:43,13,2,10,1
9306157610,89.95,La Nona Restraurant,-4.001607861464169,-79.20895549799802,2024-10-11T18:59:54,18,4,8,1
9306157610,318.33,,-12.046493,-77.042894,2024-10-12T00:00:13,0,5,0,1
9306157610,175.28,,-12.046441,-77.042878,2024-10-21T17:00:22,17,0,0,1
9306157610,84.61,Micromercado Raquelita,-3.999408161403931,-79.20183399684345,2024-10-18T18:59:51,18,4,9,1
9306157610,125.81,,-12.046496,-77.042809,2024-10-02T02:59:33,2,2,0,1
9306157610,446.72,,-12.046319,-77.042719,2024-10-02T03:00:25,3,2,0,1
9306157610,228.22,,-12.046302,-77.042891,2024-10-02T02:59:57,2,2,0,1
9306157610,397.05,,-12.046481,-77.04275,2024-10-02T03:00:00,3,2,0,1
9306157610,342.73,,-12.04646,-77.042801,2024-10-02T03:00:15,3,2,0,1
9306157610,400.58,,-12.046364,-77.042821,2024-10-02T03:00:26,3,2,0,1
9306157610,365.69,La Nona Restraurant,-4.001607861464169,-79.20895549799802,2024-10-02T02:59:45,2,2,8,1
9306157610,78.48,La Nona Restraurant,-4.001607861464169,-79.20895549799802,2024-10-02T03:00:06,3,2,8,1
9306157610,279.82,Bogati Heladeria,-3.99592601240796,-79.20417171265396,2024-10-02T02:59:55,2,2,1,1
9306157610,130.59,,-12.046422,-77.042738,2024-10-02T03:00:08,3,2,0,1
9306157610,92.63,Manantial restaurant,-4.00066496410431,-79.20176356815338,2024-10-02T03:00:08,3,2,5,1
9306157610,409.69,Cafeteria Repe y Bolon,-4.002811727686732,-79.20354391414457,2024-10-02T02:59:37,2,2,6,1
9306157610,206.17,,-12.046301,-77.042754,2024-10-02T03:00:05,3,2,0,1
9306157610,462.44,La Nona Restraurant,-4.001607861464169,-79.20895549799802,2024-10-02T02:59:30,2,2,8,1
9306157610,271.17,,-12.0464,-77.042891,2024-10-27T13:59:41,13,6,0,1
9555925201,482.67,KFC Supermaxi,-4.012120370108474,-79.2022100945605,2024-10-19T12:00:03,12,5,4,1
9555925201,336.8,Panaderia Sabor Lojano,-4.001655630787613,-79.20555263072819,2024-10-24T09:00:30,9,3,3,1
9555925201,120.11,,-12.046475,-77.042721,2024-10-05T06:00:13,6,5,0,1
9555925201,148.37,Panaderia Sabor Lojano,-4.001655630787613,-79.20555263072819,2024-10-16T06:59:39,6,2,3,1
9555925201,287.45,,-12.046496,-77.042896,2024-10-16T06:59:56,6,2,0,1
9555925201,488.68,,-12.046359,-77.042729,2024-10-16T06:59:39,6,2,0,1
9555925201,381.36,KFC Supermaxi,-4.012120370108474,-79.2022100945605,2024-10-16T07:00:28,7,2,4,1
9555925201,50.43,Chifa Oriental,-4.000613926408782,-79.20494130865566,2024-10-16T07:00:23,7,2,7,1
9555925201,363.97,Panaderia Sabor Lojano,-4.001655630787613,-79.20555263072819,2024-10-16T06:59:52,6,2,3,1
9555925201,184.82,Magic Retro,-4.007180852021908,-79.20319391983115,2024-10-16T07:00:01,7,2,2,1
9555925201,334.91,KFC Supermaxi,-4.012120370108474,-79.2022100945605,2024-10-16T06:59:34,6,2,4,1
9555925201,495.23,KFC Supermaxi,-4.012120370108474,-79.2022100945605,2024-10-16T06:59:40,6,2,4,1
9555925201,241.42,,-12.046319,-77.042895,2024-10-16T06:59:56,6,2,0,1
9555925201,293.42,,-12.046429,-77.042873,2024-10-16T06:59:40,6,2,0,1
9555925201,52.48,,-12.046446,-77.042728,2024-10-16T06:59:44,6,2,0,1
9555925201,174.34,KFC Supermaxi,-4.012120370108474,-79.2022100945605,2024-10-16T07:00:30,7,2,4,1
9555925201,477.9,,-12.046417,-77.042803,2024-10-16T07:00:15,7,2,0,1
9555925201,214.41,,-12.046377,-77.042878,2024-10-03T16:00:00,16,3,0,1
9555925201,414.56,KFC Supermaxi,-4.012120370108474,-79.2022100945605,2024-10-19T04:00:16,4,5,4,1
9555925201,283.95,,-12.046374,-77.04289,2024-10-03T08:00:01,8,3,0,1
9555925201,341.52,,-12.046465,-77.042729,2024-10-01T11:59:39,11,1,0,1
9555925201,452.43,,-12.046335,-77.042868,2024-10-12T08:59:47,8,5,0,1
9555925201,228.08,Cafeteria Repe y Bolon,-4.002811727686732,-79.20354391414457,2024-10-24T07:00:26,7,3,6,1
9555925201,445.16,,-12.046459,-77.04283,2024-10-20T08:00:03,8,6,0,1
9555925201,428.42,,-12.04645,-77.042868,2024-10-16T07:00:26,7,2,0,1
9555925201,418.03,Cafeteria Repe y Bolon,-4.002811727686732,-79.20354391414457,2024-10-16T07:00:21,7,2,6,1
9555925201,155.44,Las Papas del hueco,-3.994720724747304,-79.20230587616402,2024-10-11T22:59:40,22,4,10,1
9555925201,281.64,,-12.04648,-77.042798,2024-10-16T06:59:43,6,2,0,1
9555925201,134.81,Bogati Heladeria,-3.99592601240796,-79.20417171265396,2024-10-16T06:59:52,6,2,1,1
9555925201,273.67,,-12.046491,-77.042765,2024-10-11T22:59:38,22,4,0,1
9555925201,147.55,KFC Supermaxi,-4.012120370108474,-79.2022100945605,2024-10-11T22:59:44,22,4,4,1
9555925201,272.31,Magic Retro,-4.007180852021908,-79.20319391983115,2024-10-11T22:59:57,22,4,2,1
9555925201,256.69,,-12.04647,-77.042763,2024-10-11T23:00:04,23,4,0,1
9555925201,149.38,Manantial restaurant,-4.00066496410431,-79.20176356815338,2024-10-11T23:00:14,23,4,5,1
9555925201,389.28,,-12.04643,-77.042827,2024-10-11T23:00:21,23,4,0,1
9555925201,283.14,KFC Supermaxi,-4.012120370108474,-79.2022100945605,2024-10-11T23:00:28,23,4,4,1
9555925201,351.98,,-12.046306,-77.042861,2024-10-11T23:00:05,23,4,0,1
9555925201,412.11,,-12.04635,-77.042731,2024-10-11T22:59:57,22,4,0,1
9555925201,462.26,,-12.046313,-77.042743,2024-10-11T23:00:23,23,4,0,1
9555925201,79.34,,-12.046467,-77.042897,2024-10-11T23:00:12,23,4,0,1
9555925201,97.34,,-12.046316,-77.042754,2024-10-11T23:00:08,23,4,0,1
9555925201,243.52,,-12.046433,-77.042878,2024-10-11T22:59:31,22,4,0,1
9555925201,318.68,,-12.046362,-77.042719,2024-10-11T23:00:21,23,4,0,1
9555925201,121.77,La Nona Restraurant,-4.001607861464169,-79.20895549799802,2024-10-11T23:00:25,23,4,8,1
9555925201,344.5,Chifa Oriental,-4.000613926408782,-79.20494130865566,2024-10-11T22:59:47,22,4,7,1
9555925201,117.91,Magic Retro,-4.007180852021908,-79.20319391983115,2024-10-11T22:59:42,22,4,2,1
9555925201,101.98,La Nona Restraurant,-4.001607861464169,-79.20895549799802,2024-10-11T22:59:45,22,4,8,1
9555925201,401.56,Bogati Heladeria,-3.99592601240796,-79.20417171265396,2024-10-16T07:00:19,7,2,1,1
9555925201,100.57,Las Papas del hueco,-3.994720724747304,-79.20230587616402,2024-10-16T07:00:29,7,2,10,1
9555925201,351.22,,-12.046312,-77.042849,2024-10-11T23:00:00,23,4,0,1
9828340096,186.36,Magic Retro,-4.007180852021908,-79.20319391983115,2024-10-23T13:00:23,13,2,2,1
9828340096,274.42,,-12.04646,-77.042861,2024-10-23T13:00:24,13,2,0,1
9828340096,443.43,Cafeteria Repe y Bolon,-4.002811727686732,-79.20354391414457,2024-10-23T12:59:41,12,2,6,1
9828340096,350.55,La Nona Restraurant,-4.001607861464169,-79.20895549799802,2024-10-24T20:59:44,20,3,8,1
9828340096,391.16,,-12.04645,-77.042751,2024-10-23T13:00:04,13,2,0,1
9828340096,148.2,,-12.046493,-77.0428,2024-10-23T12:59:57,12,2,0,1
9828340096,303.7,,-12.046423,-77.042743,2024-10-23T12:59:56,12,2,0,1
9828340096,204.38,Panaderia Sabor Lojano,-4.001655630787613,-79.20555263072819,2024-10-24T20:59:43,20,3,3,1
9828340096,121.56,,-12.046342,-77.042825,2024-10-23T13:00:04,13,2,0,1
9828340096,212.75,KFC Supermaxi,-4.012120370108474,-79.2022100945605,2024-10-23T13:00:09,13,2,4,1
9828340096,246.59,,-12.04638,-77.04275,2024-10-23T13:00:00,13,2,0,1
9828340096,128.8,La Nona Restraurant,-4.001607861464169,-79.20895549799802,2024-10-23T13:00:25,13,2,8,1
9828340096,371.12,,-12.046476,-77.042827,2024-10-23T13:00:10,13,2,0,1
9828340096,163.89,Panaderia Sabor Lojano,-4.001655630787613,-79.20555263072819,2024-10-23T12:59:45,12,2,3,1
9828340096,232.65,KFC Supermaxi,-4.012120370108474,-79.2022100945605,2024-10-23T12:59:45,12,2,4,1
9828340096,242.97,Panaderia Sabor Lojano,-4.001655630787613,-79.20555263072819,2024-10-23T13:00:30,13,2,3,1
9828340096,316.34,,-12.046406,-77.042863,2024-10-23T12:59:38,12,2,0,1
9828340096,357.76,KFC Supermaxi,-4.012120370108474,-79.2022100945605,2024-10-23T13:00:12,13,2,4,1
9828340096,478.32,,-12.046378,-77.042747,2024-10-23T12:59:44,12,2,0,1
9828340096,273.12,,-12.046432,-77.042757,2024-10-24T20:59:43,20,3,0,1
9828340096,342.67,KFC Supermaxi,-4.012120370108474,-79.2022100945605,2024-10-23T12:59:59,12,2,4,1
9828340096,230.62,Las Papas del hueco,-3.994720724747304,-79.20230587616402,2024-10-23T13:00:04,13,2,10,1
9828340096,436.15,Chifa Oriental,-4.000613926408782,-79.20494130865566,2024-10-23T13:00:15,13,2,7,1
9828340096,329.3,KFC Supermaxi,-4.012120370108474,-79.2022100945605,2024-10-24T21:00:09,21,3,4,1
9828340096,419.5,,-12.046486,-77.042864,2024-10-24T21:00:10,21,3,0,1
9828340096,460.6,La Nona Restraurant,-4.001607861464169,-79.20895549799802,2024-10-24T20:59:56,20,3,8,1
9828340096,60.87,,-12.046452,-77.04282,2024-10-20T13:00:09,13,6,0,1
9828340096,75.84,Las Papas del hueco,-3.994720724747304,-79.20230587616402,2024-10-09T06:59:51,6,2,10,1
9828340096,232.61,,-12.046308,-77.042883,2024-10-30T00:00:27,0,2,0,1
9828340096,190.9,,-12.046469,-77.042877,2024-10-08T06:59:38,6,1,0,1
9828340096,115.4,KFC Supermaxi,-4.012120370108474,-79.2022100945605,2024-10-18T15:00:07,15,4,4,1
9828340096,291.89,Cafeteria Repe y Bolon,-4.002811727686732,-79.20354391414457,2024-10-22T23:59:38,23,1,6,1
9828340096,168.98,Manantial restaurant,-4.00066496410431,-79.20176356815338,2024-10-15T04:59:39,4,1,5,1
9828340096,313.4,KFC Supermaxi,-4.012120370108474,-79.2022100945605,2024-10-03T01:00:08,1,3,4,1
9828340096,345.62,La Nona Restraurant,-4.001607861464169,-79.20895549799802,2024-10-05T21:59:56,21,5,8,1
9828340096,237.08,Manantial restaurant,-4.00066496410431,-79.20176356815338,2024-10-24T21:00:17,21,3,5,1
9828340096,233.16,,-12.046418,-77.042892,2024-10-24T20:59:36,20,3,0,1
9828340096,209.51,La Nona Restraurant,-4.001607861464169,-79.20895549799802,2024-10-24T21:00:27,21,3,8,1
9828340096,138.84,Las Papas del hueco,-3.994720724747304,-79.20230587616402,2024-10-24T21:00:25,21,3,10,1
9828340096,425.01,Panaderia Sabor Lojano,-4.001655630787613,-79.20555263072819,2024-10-24T20:59:58,20,3,3,1
9828340096,308.05,,-12.04648,-77.042844,2024-10-24T21:00:30,21,3,0,1
9828340096,249.69,Micromercado Raquelita,-3.999408161403931,-79.20183399684345,2024-10-24T21:00:11,21,3,9,1
9828340096,306.42,La Nona Restraurant,-4.001607861464169,-79.20895549799802,2024-10-24T20:59:31,20,3,8,1
9828340096,316.21,Manantial restaurant,-4.00066496410431,-79.20176356815338,2024-10-24T20:59:39,20,3,5,1
9828340096,114.65,,-12.046387,-77.042827,2024-10-24T20:59:37,20,3,0,1
9828340096,236.61,Las Papas del hueco,-3.994720724747304,-79.20230587616402,2024-10-24T21:00:13,21,3,10,1
9828340096,253.17,,-12.046474,-77.042788,2024-10-24T20:59:53,20,3,0,1
9828340096,243.77,Micromercado Raquelita,-3.999408161403931,-79.20183399684345,2024-10-24T20:59:36,20,3,9,1
9828340096,430.62,Manantial restaurant,-4.00066496410431,-79.20176356815338,2024-10-24T20:59:33,20,3,5,1
9828340096,198.72,,-12.046391,-77.04279,2024-10-12T19:00:20,19,5,0,1
